-- MySQL dump 10.13  Distrib 8.0.44, for Win64 (x86_64)
--
-- Host: 72.61.226.68    Database: dq_sentinel_v1
-- ------------------------------------------------------
-- Server version	8.0.45-0ubuntu0.24.04.1

/*!40101 SET @OLD_CHARACTER_SET_CLIENT=@@CHARACTER_SET_CLIENT */;
/*!40101 SET @OLD_CHARACTER_SET_RESULTS=@@CHARACTER_SET_RESULTS */;
/*!40101 SET @OLD_COLLATION_CONNECTION=@@COLLATION_CONNECTION */;
/*!50503 SET NAMES utf8 */;
/*!40103 SET @OLD_TIME_ZONE=@@TIME_ZONE */;
/*!40103 SET TIME_ZONE='+00:00' */;
/*!40014 SET @OLD_UNIQUE_CHECKS=@@UNIQUE_CHECKS, UNIQUE_CHECKS=0 */;
/*!40014 SET @OLD_FOREIGN_KEY_CHECKS=@@FOREIGN_KEY_CHECKS, FOREIGN_KEY_CHECKS=0 */;
/*!40101 SET @OLD_SQL_MODE=@@SQL_MODE, SQL_MODE='NO_AUTO_VALUE_ON_ZERO' */;
/*!40111 SET @OLD_SQL_NOTES=@@SQL_NOTES, SQL_NOTES=0 */;

--
-- Table structure for table `alerts`
--

DROP TABLE IF EXISTS `alerts`;
/*!40101 SET @saved_cs_client     = @@character_set_client */;
/*!50503 SET character_set_client = utf8mb4 */;
CREATE TABLE `alerts` (
  `id` int NOT NULL AUTO_INCREMENT,
  `connector_id` int DEFAULT NULL,
  `dataset_id` int DEFAULT NULL,
  `category` enum('quality','schema_drift','pii','governance','pipeline','cloud','databricks') COLLATE utf8mb4_unicode_ci NOT NULL,
  `severity` enum('critical','high','medium','low','info') COLLATE utf8mb4_unicode_ci NOT NULL,
  `title` varchar(255) COLLATE utf8mb4_unicode_ci NOT NULL,
  `message` text COLLATE utf8mb4_unicode_ci NOT NULL,
  `ai_summary` text COLLATE utf8mb4_unicode_ci,
  `ai_root_cause` text COLLATE utf8mb4_unicode_ci,
  `ai_impact` text COLLATE utf8mb4_unicode_ci,
  `ai_recommendation` text COLLATE utf8mb4_unicode_ci,
  `status` enum('open','acknowledged','resolved') COLLATE utf8mb4_unicode_ci NOT NULL DEFAULT 'open',
  `created_at` datetime NOT NULL DEFAULT CURRENT_TIMESTAMP,
  `resolved_at` datetime DEFAULT NULL,
  PRIMARY KEY (`id`),
  KEY `fk_alerts_connector` (`connector_id`),
  KEY `fk_alerts_dataset` (`dataset_id`),
  KEY `idx_alerts_severity` (`severity`),
  KEY `idx_alerts_category` (`category`),
  KEY `idx_alerts_status` (`status`),
  KEY `idx_alerts_created` (`created_at`),
  CONSTRAINT `fk_alerts_connector` FOREIGN KEY (`connector_id`) REFERENCES `connectors` (`id`) ON DELETE SET NULL,
  CONSTRAINT `fk_alerts_dataset` FOREIGN KEY (`dataset_id`) REFERENCES `datasets` (`id`) ON DELETE SET NULL
) ENGINE=InnoDB AUTO_INCREMENT=26 DEFAULT CHARSET=utf8mb4 COLLATE=utf8mb4_unicode_ci;
/*!40101 SET character_set_client = @saved_cs_client */;

--
-- Dumping data for table `alerts`
--

LOCK TABLES `alerts` WRITE;
/*!40000 ALTER TABLE `alerts` DISABLE KEYS */;
INSERT INTO `alerts` VALUES (1,4,16,'quality','low','Quality issues on applicationuser (score 90.0)','Score: 90.0 - Null value check: Column \'UserId\' has 80.0% NULLs; Null value check: Column \'password\' has 100.0% NULLs','High null percentages detected in critical columns: UserId (80%) and password (100%) in a 10-row dataset.','Data pipeline or source likely omitting UserId and password fields entirely, or masking them as NULL.','Functional failures expected in systems relying on UserId or password. Password absence may break authentication flows.','Investigate data source configuration and ETL logic. Validate if NULLs are intentional or due to pipeline errors. Apply default values or backfill data.','open','2026-05-12 20:09:02',NULL),(2,4,17,'quality','low','Quality issues on assessment_session_log (score 85.0)','Score: 85.0 - Null value check: Column \'ended_at\' has 44.4% NULLs; Null value check: Column \'score\' has 44.4% NULLs; Data freshness check: Data is 83 days old','Critical data quality issues detected in the dataset. Nearly half of the records have NULL values in \'ended_at\' and \'score\' columns. Data freshness is severely compromised with last update from 83 days ago.','The high NULL percentage in \'ended_at\' and \'score\' suggests incomplete data collection or processing failures. The outdated data indicates a potential pipeline failure or lack of maintenance.','Incomplete records hinder analysis and reporting. Stale data leads to inaccurate insights and poor decision-making. Business operations relying on this data are at risk.','Investigate the data pipeline for failures causing NULLs and outdated data. Implement validation checks to ensure completeness. Schedule regular updates and backfill missing historical data.','open','2026-05-12 20:09:26',NULL),(3,4,18,'quality','low','Quality issues on assessmentinfo (score 95.0)','Score: 95.0 - Data freshness check: Data is 172 days old','Data freshness issue detected with a dataset last updated 172 days ago, despite recent monitoring activity.','The dataset has not been refreshed since 2025-11-20, indicating a pipeline failure or manual update stoppage.','Stale data may lead to incorrect reporting, analysis, or decision-making based on outdated information.','Investigate the data pipeline to identify why updates ceased and implement automated alerts for freshness thresholds.','open','2026-05-12 20:09:48',NULL),(4,4,21,'quality','low','Quality issues on candidateprofile_test (score 90.0)','Score: 90.0 - Null value check: Column \'title\' has 80.3% NULLs; Null value check: Column \'middle_name\' has 85.9% NULLs','High null percentages detected in \'title\' (80.3%) and \'middle_name\' (85.9%) columns, affecting data quality.','Data collection or entry process likely omits \'title\' and \'middle_name\' fields for most records, causing excessive nulls.','Reduces dataset utility for analysis requiring these fields. May skew queries, reports, or machine learning models relying on complete data.','Investigate data source to identify why \'title\' and \'middle_name\' are frequently missing. Consider making these fields optional or populating defaults.','open','2026-05-12 20:10:35',NULL),(5,4,22,'quality','low','Quality issues on experienceoptions (score 90.0)','Score: 90.0 - Null value check: Column \'createdBy\' has 100.0% NULLs; Data freshness check: Data is 214 days old','Critical data quality issue detected with 100% NULLs in \'createdBy\' column and stale data (214 days old). Only 7 rows present.','The \'createdBy\' column is entirely NULL, indicating missing attribution data. The dataset is severely outdated, suggesting a pipeline failure or ingestion stoppage.','Loss of data provenance and auditability. Stale data may mislead analytics and violate compliance requirements. Business decisions based on this data are unreliable.','Immediately investigate the data pipeline feeding this dataset. Validate ETL processes, check source systems for data availability, and implement alerts for data freshness and NULL thresholds.','open','2026-05-12 20:10:57',NULL),(6,4,24,'quality','medium','Quality issues on hiringmanagerselectedslots (score 80.0)','Score: 80.0 - Null value check: Column \'candidateId\' has 33.3% NULLs; Null value check: Column \'updatedOn\' has 33.3% NULLs; Null value check: Column \'jobid\' has 33.3% NULLs; Data freshness check: Data is 172 days old','Data quality issues detected with 33.3% NULLs in candidateId, updatedOn, and jobid columns. Data freshness is critical at 172 days old.','High null rates in key columns suggest incomplete data ingestion or ETL failures. Stale data indicates prolonged lack of updates or pipeline breakdown.','Critical operations depending on these columns (e.g., candidate tracking, job assignments) may fail or produce incorrect results due to missing/invalid data.','Investigate ETL pipeline for failures, validate data sources for candidateId/updatedOn/jobid, and implement freshness alerts. Prioritize backfilling missing data.','open','2026-05-12 20:11:23',NULL),(7,4,25,'quality','low','Quality issues on interviewinfo (score 95.0)','Score: 95.0 - Data freshness check: Data is 172 days old','Data freshness issue detected with a score of 95.0. The dataset has not been updated since 172 days ago.','The dataset\'s last update was on 2025-11-20, indicating a significant delay in data refresh or ingestion pipeline failure.','Stale data may lead to incorrect reporting, decision-making, and potential business process disruptions due to outdated information.','Investigate the data pipeline to identify why updates stopped. Verify upstream sources and ETL processes to restore timely data refreshes.','open','2026-05-12 20:11:44',NULL),(8,4,28,'quality','low','Quality issues on jobapplication (score 90.0)','Score: 90.0 - Null value check: Column \'Score\' has 91.8% NULLs; Data freshness check: Data is 81 days old','The dataset shows severe data quality issues with 91.8% NULLs in the \'Score\' column and data freshness lagging by 81 days.','The \'Score\' column is almost entirely NULL, suggesting a pipeline failure or incorrect data extraction. The outdated data indicates a stalled ingestion process.','Critical data gaps in \'Score\' render it unusable for analysis. Outdated data may lead to incorrect business decisions based on stale metrics.','Investigate the data pipeline for \'Score\' extraction failures. Refresh the dataset immediately and implement freshness alerts to prevent future staleness.','open','2026-05-12 20:12:28',NULL),(9,4,29,'quality','low','Quality issues on jobassessments (score 90.0)','Score: 90.0 - Null value check: Column \'score\' has 66.7% NULLs; Data freshness check: Data is 83 days old','Data quality issue detected with 66.7% NULLs in the \'score\' column and data freshness at 83 days old.','High NULL percentage in \'score\' suggests incomplete data entry or extraction failure. Stale data indicates pipeline delays.','Incomplete records hinder analysis. Outdated data may lead to incorrect business decisions based on old metrics.','Investigate ETL pipeline for \'score\' column handling. Refresh data pipeline to ensure timely updates and validate NULL handling logic.','open','2026-05-12 20:12:45',NULL),(10,4,30,'quality','low','Quality issues on jobtitles (score 90.0)','Score: 90.0 - Null value check: Column \'createdBy\' has 100.0% NULLs; Data freshness check: Data is 208 days old','Critical data quality issue detected with 100% NULLs in \'createdBy\' column and data freshness at 208 days old.','The \'createdBy\' column is entirely NULL, indicating missing metadata. The dataset is also severely outdated, last updated over 6 months ago.','Loss of auditability and accountability for records. Potential operational disruptions due to stale data usage.','Investigate ETL pipeline failures causing NULLs in \'createdBy\'. Refresh data immediately and implement freshness alerts. Add NOT NULL constraints for critical columns.','open','2026-05-12 20:13:06',NULL),(11,4,31,'quality','low','Quality issues on locationoptions (score 90.0)','Score: 90.0 - Null value check: Column \'createdBy\' has 100.0% NULLs; Data freshness check: Data is 214 days old','Critical data quality issues detected: \'createdBy\' column is entirely NULL, and data is significantly stale (214 days old).','The \'createdBy\' column lacks data integrity, and the dataset has not been refreshed since 2025-10-10, indicating a pipeline failure or ingestion halt.','Downstream processes relying on this data may fail or produce incorrect results due to missing critical fields and outdated information.','Investigate the data pipeline for failures, validate the \'createdBy\' column source, and implement automated freshness alerts to prevent future staleness.','open','2026-05-12 20:13:20',NULL),(12,4,32,'quality','low','Quality issues on meetings (score 85.0)','Score: 85.0 - Null value check: Column \'JobId\' has 100.0% NULLs; Null value check: Column \'Panel\' has 100.0% NULLs; Data freshness check: Data is 172 days old','Data quality score is 85.0 due to critical null values in \'JobId\' and \'Panel\' columns, and stale data (172 days old). Only 3 rows exist with no valid values in key fields.','Complete absence of data in \'JobId\' and \'Panel\' columns suggests upstream ETL failure or incorrect schema mapping. Data freshness indicates pipeline stagnation.','Business processes relying on JobId/Panel data are non-functional. Stale data may lead to incorrect reporting or decision-making based on outdated information.','Immediately investigate upstream data sources for \'JobId\' and \'Panel\'. Validate ETL pipeline configuration. Refresh data pipeline to capture current records before resuming dependent operations.','open','2026-05-12 20:13:46',NULL),(13,4,33,'quality','medium','Quality issues on newcandidate (score 80.0)','Score: 80.0 - Row count validation: Empty table','Row count validation failed due to an empty table with 0 rows.','The table lacks data, likely due to upstream ETL failure or incorrect pipeline execution.','Downstream processes depending on this table will fail or produce incorrect results.','Investigate the ETL pipeline feeding this table, verify data sources, and rerun the pipeline to populate the table.','open','2026-05-12 20:14:07',NULL),(14,4,35,'quality','low','Quality issues on otp_verification (score 95.0)','Score: 95.0 - Data freshness check: Data is 201 days old','Data freshness issue detected with a score of 95.0. The dataset has not been updated since 201 days ago (last update: 2025-10-22).','The dataset\'s last update timestamp indicates a significant delay in data ingestion or processing, likely due to upstream pipeline failures or delays.','Stale data may lead to incorrect analytics, reporting inaccuracies, or failed downstream processes relying on recent data.','Investigate the upstream data pipeline for failures or bottlenecks. Verify ETL/ELT job schedules and dependencies to ensure timely data refresh.','open','2026-05-12 20:14:45',NULL),(15,4,36,'quality','low','Quality issues on primaryskills (score 90.0)','Score: 90.0 - Null value check: Column \'createdBy\' has 100.0% NULLs; Data freshness check: Data is 214 days old','Critical data quality issue detected. The \'createdBy\' column is entirely NULL, and data is significantly stale (214 days old).','The dataset has not been updated since 2025-10-10, and the \'createdBy\' field lacks any valid entries, indicating potential ETL failure or upstream data source issues.','The dataset is unusable for reporting or analytics due to missing critical metadata and extreme staleness. Business decisions relying on this data are at risk.','Investigate upstream ETL pipelines for failures. Validate data source connectivity and refresh schedules. Prioritize fixing the \'createdBy\' column mapping or source.','open','2026-05-12 20:15:07',NULL),(16,4,37,'quality','medium','Quality issues on profileranking (score 80.0)','Score: 80.0 - Row count validation: Empty table','A table validation detected an empty table with zero rows despite having four columns with no null values.','The table may not have been populated with data or a recent ETL/load process failed to insert records.','Downstream processes relying on this table will fail or produce incorrect results due to missing data.','Investigate the ETL/load process to ensure data is being correctly ingested and verify upstream data sources.','open','2026-05-12 20:15:23',NULL),(17,4,40,'quality','low','Quality issues on roleoptions (score 90.0)','Score: 90.0 - Null value check: Column \'createdBy\' has 100.0% NULLs; Data freshness check: Data is 214 days old','Data quality issue detected with 100% NULLs in \'createdBy\' column and stale data (214 days old).','The \'createdBy\' column is entirely NULL, indicating missing metadata. Data freshness is severely impacted.','Critical metadata loss and outdated data may affect downstream analytics and compliance reporting.','Investigate ETL pipeline for \'createdBy\' field mapping. Refresh data pipeline to ensure timely updates.','open','2026-05-12 20:16:03',NULL),(18,4,41,'quality','low','Quality issues on secondaryskills (score 90.0)','Score: 90.0 - Null value check: Column \'createdBy\' has 100.0% NULLs; Data freshness check: Data is 214 days old','Critical data quality issues detected in the dataset. The \'createdBy\' column is entirely NULL, and data freshness is severely compromised with last update over 214 days ago.','The dataset appears abandoned or improperly maintained. The 100% NULL rate in \'createdBy\' suggests missing metadata, while the outdated timestamp indicates a long-term lack of updates.','High risk of operational failures due to missing audit trails and stale data. Downstream processes relying on this dataset may produce incorrect or outdated results.','Immediately halt usage of this dataset. Investigate the data pipeline to identify why updates ceased and why \'createdBy\' is unpopulated. Restore fresh data with proper metadata before resuming operations.','open','2026-05-12 20:16:27',NULL),(19,4,42,'quality','low','Quality issues on v_hm_candidate_applied (score 95.0)','Score: 95.0 - Null value check: Column \'score\' has 37.5% NULLs','High null percentage (37.5%) detected in the \'score\' column of a dataset with 8 rows.','Data pipeline or source system may be failing to populate the \'score\' field for a significant portion of records.','Potential inaccuracies in analytics, reporting, or decision-making processes relying on this score metric.','Investigate the data source or ETL process for the \'score\' field to identify why 37.5% of values are missing and implement validation to prevent future nulls.','open','2026-05-12 20:16:52',NULL),(20,4,43,'quality','low','Quality issues on v_hm_candidate_job_mapping (score 95.0)','Score: 95.0 - Null value check: Column \'button_value\' has 37.5% NULLs','Data quality issue detected with 37.5% NULL values in the \'button_value\' column across 8 rows.','High null percentage in \'button_value\' suggests missing or unprocessed data, potentially due to upstream system failures or schema mismatches.','Potential downstream failures in applications relying on \'button_value\' for decision-making or user interface rendering.','Investigate upstream data sources for \'button_value\' and implement validation or default values to mitigate NULLs. Monitor this column closely.','open','2026-05-12 20:17:11',NULL),(21,4,44,'quality','high','Quality issues on v_hm_candidate_meeting (score 60.0)','Score: 60.0 - Null value check: Column \'jobId\' has 100.0% NULLs; Null value check: Column \'hiringManagerId\' has 100.0% NULLs; Null value check: Column \'candidateId\' has 100.0% NULLs; Null value check: Column \'first_name\' has 100.0% NULLs; Null value check: Column \'middle_name\' has 100.0% NULLs; Null value check: Column \'last_name\' has 100.0% NULLs; Null value check: Column \'jobTitle\' has 100.0% NULLs; Data freshness check: Data is 193 days old','Critical data quality issue detected with 100% NULL values in key columns (jobId, hiringManagerId, candidateId, names, jobTitle) and data freshness failure (193 days old).','The dataset contains only 1 row with all critical fields NULL except \'scheduledTime\', suggesting either a failed ETL process or incorrect data source configuration.','Complete loss of meaningful data for job, hiring, and candidate records, rendering the dataset unusable for analytics or operational processes.','Immediately investigate the data pipeline feeding this dataset, verify source system connectivity, and restore from a valid backup or reprocess the data from the original source.','open','2026-05-12 20:17:31',NULL),(22,4,46,'quality','medium','Quality issues on v_recruiter_candidate_duplicate (score 80.0)','Score: 80.0 - Row count validation: Empty table','The table is empty (row_count: 0) despite all columns showing 0% null values, indicating a data pipeline failure.','The data pipeline likely failed to load or generate records, resulting in an empty table.','Critical: No data is available for downstream processes, reports, or analytics.','Investigate the data pipeline logs for failures, check source data availability, and validate ETL/ELT processes.','open','2026-05-12 20:18:10',NULL),(23,4,48,'quality','medium','Quality issues on v_recruiter_candidate_shortlisted_backup (score 80.0)','Score: 80.0 - Row count validation: Empty table','A table expected to contain candidate data is empty, indicated by a row count of 0 and a validation score of 80.','The table may not have been populated due to a failed data load, ETL process interruption, or upstream source issue.','Critical business processes relying on this candidate data are disrupted, affecting hiring workflows and reporting.','Immediately investigate the upstream data pipeline, ETL job logs, and source systems to identify and resolve the data ingestion failure.','open','2026-05-12 20:18:45',NULL),(24,4,50,'quality','high','Quality issues on v_recruiter_candidate_shortlisted_bkp3 (score 50.0)','Score: 50.0 - Null value check: Column \'JD\' has 33.3% NULLs; Null value check: Column \'HiringManagerId\' has 33.3% NULLs; Null value check: Column \'middle_name\' has 33.3% NULLs; Null value check: Column \'latestrole\' has 33.3% NULLs; Null value check: Column \'education\' has 33.3% NULLs; Null value check: Column \'Star\' has 33.3% NULLs; Null value check: Column \'experience\' has 33.3% NULLs; Null value check: Column \'LatestStatus\' has 33.3% NULLs; Null value check: Column \'email\' has 33.3% NULLs; Null value check: Column \'J_GUID\' has 33.3% NULLs','Data quality issue detected with 10 out of 14 columns showing 33.3% NULL values in a dataset of 3 rows.','High null percentage in critical columns (JD, HiringManagerId, email, etc.) suggests incomplete data ingestion or schema mismatch.','Critical fields like JD, email, and LatestStatus being null may break downstream processes like reporting, analytics, or candidate tracking.','Investigate data source pipeline for failures, validate schema mappings, and implement null checks during ingestion to prevent incomplete records.','open','2026-05-12 20:19:20',NULL),(25,4,53,'quality','medium','Quality issues on v_recruiter_job_details_backup (score 80.0)','Score: 80.0 - Row count validation: Empty table','A table expected to contain hiring data is empty, with zero rows and no null values in critical columns.','Possible data pipeline failure, upstream source issue, or incorrect table selection preventing data ingestion.','Hiring processes relying on this data are stalled, affecting job postings, candidate tracking, and manager assignments.','Investigate upstream ETL jobs, source systems, and pipeline logs to identify why data is not being loaded into the table.','open','2026-05-12 20:20:03',NULL);
/*!40000 ALTER TABLE `alerts` ENABLE KEYS */;
UNLOCK TABLES;

--
-- Table structure for table `app_settings`
--

DROP TABLE IF EXISTS `app_settings`;
/*!40101 SET @saved_cs_client     = @@character_set_client */;
/*!50503 SET character_set_client = utf8mb4 */;
CREATE TABLE `app_settings` (
  `setting_key` varchar(120) COLLATE utf8mb4_unicode_ci NOT NULL,
  `setting_value` text COLLATE utf8mb4_unicode_ci,
  `updated_at` datetime NOT NULL DEFAULT CURRENT_TIMESTAMP ON UPDATE CURRENT_TIMESTAMP,
  PRIMARY KEY (`setting_key`)
) ENGINE=InnoDB DEFAULT CHARSET=utf8mb4 COLLATE=utf8mb4_unicode_ci;
/*!40101 SET character_set_client = @saved_cs_client */;

--
-- Dumping data for table `app_settings`
--

LOCK TABLES `app_settings` WRITE;
/*!40000 ALTER TABLE `app_settings` DISABLE KEYS */;
INSERT INTO `app_settings` VALUES ('ai_enabled','1','2026-05-12 12:47:02'),('alert_email_recipients','','2026-05-12 12:47:02'),('default_scan_interval_minutes','60','2026-05-12 12:47:02');
/*!40000 ALTER TABLE `app_settings` ENABLE KEYS */;
UNLOCK TABLES;

--
-- Table structure for table `connectors`
--

DROP TABLE IF EXISTS `connectors`;
/*!40101 SET @saved_cs_client     = @@character_set_client */;
/*!50503 SET character_set_client = utf8mb4 */;
CREATE TABLE `connectors` (
  `id` int NOT NULL AUTO_INCREMENT,
  `name` varchar(150) COLLATE utf8mb4_unicode_ci NOT NULL,
  `type` varchar(50) CHARACTER SET utf8mb4 COLLATE utf8mb4_unicode_ci NOT NULL,
  `config_json` text COLLATE utf8mb4_unicode_ci NOT NULL,
  `status` enum('healthy','unhealthy','unknown') COLLATE utf8mb4_unicode_ci NOT NULL DEFAULT 'unknown',
  `last_tested_at` datetime DEFAULT NULL,
  `last_scanned_at` datetime DEFAULT NULL,
  `created_by` int DEFAULT NULL,
  `created_at` datetime NOT NULL DEFAULT CURRENT_TIMESTAMP,
  `updated_at` datetime NOT NULL DEFAULT CURRENT_TIMESTAMP ON UPDATE CURRENT_TIMESTAMP,
  PRIMARY KEY (`id`),
  UNIQUE KEY `uq_connector_name` (`name`),
  KEY `idx_connectors_type` (`type`),
  KEY `idx_connectors_status` (`status`)
) ENGINE=InnoDB AUTO_INCREMENT=5 DEFAULT CHARSET=utf8mb4 COLLATE=utf8mb4_unicode_ci;
/*!40101 SET character_set_client = @saved_cs_client */;

--
-- Dumping data for table `connectors`
--

LOCK TABLES `connectors` WRITE;
/*!40000 ALTER TABLE `connectors` DISABLE KEYS */;
INSERT INTO `connectors` VALUES (2,'ADF Test','azure_adf','{\"subscription_id\": \"561fc426-23b0-4ae8-9961-eede334b653e\", \"tenant_id\": \"5ed55250-5d00-4c9a-ae57-d60a3f7c95d5\", \"client_id\": \"C215b4f8-4257-4a2c-93a1-37c4237a8ded\", \"client_secret\": \"gAAAAABqAzQ-nqQQmZqvHlaVnW7jIOi-N-Cz1EzV0p4NIMzhFYj5nfc31hO1buQ66X5Ey4TlDmS5b9M63D6E48_00MJWi72dp85uRB-IQQ4QcfsW0SNC5CIvKHY8qVmAH-Eco_fV8txH\", \"resource_group\": \"mokshpath\", \"factory_name\": \"mokshpathadf\"}','healthy','2026-05-12 14:07:58','2026-05-12 14:13:28',1,'2026-05-12 19:38:01','2026-05-12 19:43:31'),(3,'Databricks','databricks','{\"workspace_url\": \"https://adb-7405605015895649.9.azuredatabricks.net\", \"token\": \"gAAAAABqAzRsl5jiy4N9tcvi0ZAbzari-EDigj8vx3URIXjuqBIzf-UJ-qj9qlSKRn7lhCXRFFZ1Az4VauGSI0EiVkbfmq4G8DxXeCqPgWkHdPpK9dVR-zn9yhIDNmMNMo7yXxjgTkR6\"}','healthy','2026-05-12 14:08:44','2026-05-12 14:10:24',1,'2026-05-12 19:38:47','2026-05-12 19:40:27'),(4,'MySQL','mysql','{\"port\": \"3306\", \"host\": \"72.61.226.68\", \"username\": \"aiinhome\", \"password\": \"gAAAAABqAzU3f_2P8651h4zARZhHQ63DruKX-5toZVWEaCFJKr7RG1otGFbb90o8x8o5Hfa8OGV02vGCvWLohPXzUZLKf1HwmQ==\", \"database\": \"adani_talent\"}','healthy','2026-05-12 14:12:08','2026-05-12 14:19:32',1,'2026-05-12 19:42:10','2026-05-12 19:49:34');
/*!40000 ALTER TABLE `connectors` ENABLE KEYS */;
UNLOCK TABLES;

--
-- Table structure for table `dataset_columns`
--

DROP TABLE IF EXISTS `dataset_columns`;
/*!40101 SET @saved_cs_client     = @@character_set_client */;
/*!50503 SET character_set_client = utf8mb4 */;
CREATE TABLE `dataset_columns` (
  `id` int NOT NULL AUTO_INCREMENT,
  `dataset_id` int NOT NULL,
  `column_name` varchar(200) COLLATE utf8mb4_unicode_ci NOT NULL,
  `data_type` varchar(100) COLLATE utf8mb4_unicode_ci DEFAULT NULL,
  `is_nullable` tinyint(1) NOT NULL DEFAULT '1',
  `is_pii` tinyint(1) NOT NULL DEFAULT '0',
  `pii_category` varchar(80) COLLATE utf8mb4_unicode_ci DEFAULT NULL,
  `null_pct` decimal(5,2) DEFAULT NULL,
  `distinct_count` bigint DEFAULT NULL,
  `created_at` datetime NOT NULL DEFAULT CURRENT_TIMESTAMP,
  PRIMARY KEY (`id`),
  UNIQUE KEY `uq_column` (`dataset_id`,`column_name`),
  KEY `idx_columns_pii` (`is_pii`),
  CONSTRAINT `fk_columns_dataset` FOREIGN KEY (`dataset_id`) REFERENCES `datasets` (`id`) ON DELETE CASCADE
) ENGINE=InnoDB AUTO_INCREMENT=310 DEFAULT CHARSET=utf8mb4 COLLATE=utf8mb4_unicode_ci;
/*!40101 SET character_set_client = @saved_cs_client */;

--
-- Dumping data for table `dataset_columns`
--

LOCK TABLES `dataset_columns` WRITE;
/*!40000 ALTER TABLE `dataset_columns` DISABLE KEYS */;
INSERT INTO `dataset_columns` VALUES (1,16,'Id','int',0,0,NULL,NULL,NULL,'2026-05-12 19:44:28'),(2,16,'email','varchar',1,1,'email',NULL,NULL,'2026-05-12 19:44:28'),(3,16,'UserId','varchar',1,0,NULL,NULL,NULL,'2026-05-12 19:44:29'),(4,16,'IsHiringManager','enum',0,0,NULL,NULL,NULL,'2026-05-12 19:44:30'),(5,16,'password','varchar',1,0,NULL,NULL,NULL,'2026-05-12 19:44:30'),(6,17,'id','int',0,0,NULL,NULL,NULL,'2026-05-12 19:44:34'),(7,17,'candidate_id','int',0,0,NULL,NULL,NULL,'2026-05-12 19:44:35'),(8,17,'job_id','int',0,0,NULL,NULL,NULL,'2026-05-12 19:44:35'),(9,17,'session_id','varchar',0,0,NULL,NULL,NULL,'2026-05-12 19:44:36'),(10,17,'question_answer','json',0,0,NULL,NULL,NULL,'2026-05-12 19:44:37'),(11,17,'created_at','timestamp',1,0,NULL,NULL,NULL,'2026-05-12 19:44:37'),(12,17,'status','varchar',1,0,NULL,NULL,NULL,'2026-05-12 19:44:38'),(13,17,'ended_at','datetime',1,0,NULL,NULL,NULL,'2026-05-12 19:44:38'),(14,17,'score','float',1,0,NULL,NULL,NULL,'2026-05-12 19:44:39'),(15,18,'id','int',0,0,NULL,NULL,NULL,'2026-05-12 19:44:43'),(16,18,'jobId','int',0,0,NULL,NULL,NULL,'2026-05-12 19:44:43'),(17,18,'candidateId','int',0,0,NULL,NULL,NULL,'2026-05-12 19:44:44'),(18,18,'assessmentId','int',0,0,NULL,NULL,NULL,'2026-05-12 19:44:44'),(19,18,'questionNo','int',0,0,NULL,NULL,NULL,'2026-05-12 19:44:45'),(20,18,'selectedOption','varchar',1,0,NULL,NULL,NULL,'2026-05-12 19:44:45'),(21,18,'score','decimal',1,0,NULL,NULL,NULL,'2026-05-12 19:44:46'),(22,18,'createdAt','datetime',1,0,NULL,NULL,NULL,'2026-05-12 19:44:46'),(23,18,'updatedAt','datetime',1,0,NULL,NULL,NULL,'2026-05-12 19:44:47'),(24,19,'id','int',0,0,NULL,NULL,NULL,'2026-05-12 19:44:51'),(25,19,'Username','varchar',1,0,NULL,NULL,NULL,'2026-05-12 19:44:51'),(26,19,'password','varchar',1,0,NULL,NULL,NULL,'2026-05-12 19:44:52'),(27,20,'id','int',0,0,NULL,NULL,NULL,'2026-05-12 19:44:55'),(28,20,'title','text',1,0,NULL,NULL,NULL,'2026-05-12 19:44:56'),(29,20,'first_name','text',1,1,'name',NULL,NULL,'2026-05-12 19:44:57'),(30,20,'middle_name','text',1,0,NULL,NULL,NULL,'2026-05-12 19:44:57'),(31,20,'last_name','text',1,1,'name',NULL,NULL,'2026-05-12 19:44:58'),(32,20,'email','text',1,1,'email',NULL,NULL,'2026-05-12 19:44:58'),(33,20,'contact','text',1,1,'phone',NULL,NULL,'2026-05-12 19:44:59'),(34,20,'address','text',1,0,NULL,NULL,NULL,'2026-05-12 19:44:59'),(35,20,'latestrole','text',1,0,NULL,NULL,NULL,'2026-05-12 19:45:00'),(36,20,'education','text',1,0,NULL,NULL,NULL,'2026-05-12 19:45:01'),(37,20,'designation','text',1,0,NULL,NULL,NULL,'2026-05-12 19:45:01'),(38,20,'certification','text',1,0,NULL,NULL,NULL,'2026-05-12 19:45:02'),(39,20,'skills','text',1,0,NULL,NULL,NULL,'2026-05-12 19:45:02'),(40,20,'experience','text',1,0,NULL,NULL,NULL,'2026-05-12 19:45:03'),(41,20,'C_GUID','text',1,1,'aadhaar',NULL,NULL,'2026-05-12 19:45:04'),(42,20,'ForDemo','char',1,0,NULL,NULL,NULL,'2026-05-12 19:45:04'),(43,20,'register_email','varchar',1,1,'email',NULL,NULL,'2026-05-12 19:45:05'),(44,21,'Id','int',1,0,NULL,NULL,NULL,'2026-05-12 19:45:09'),(45,21,'title','text',1,0,NULL,NULL,NULL,'2026-05-12 19:45:09'),(46,21,'first_name','text',1,1,'name',NULL,NULL,'2026-05-12 19:45:10'),(47,21,'middle_name','text',1,0,NULL,NULL,NULL,'2026-05-12 19:45:11'),(48,21,'last_name','text',1,1,'name',NULL,NULL,'2026-05-12 19:45:11'),(49,21,'email','text',1,1,'email',NULL,NULL,'2026-05-12 19:45:12'),(50,21,'contact','text',1,1,'phone',NULL,NULL,'2026-05-12 19:45:12'),(51,21,'address','text',1,0,NULL,NULL,NULL,'2026-05-12 19:45:13'),(52,21,'latestrole','text',1,0,NULL,NULL,NULL,'2026-05-12 19:45:13'),(53,21,'education','text',1,0,NULL,NULL,NULL,'2026-05-12 19:45:14'),(54,21,'designation','text',1,0,NULL,NULL,NULL,'2026-05-12 19:45:15'),(55,21,'certification','text',1,0,NULL,NULL,NULL,'2026-05-12 19:45:15'),(56,21,'skills','text',1,0,NULL,NULL,NULL,'2026-05-12 19:45:16'),(57,21,'experience','text',1,0,NULL,NULL,NULL,'2026-05-12 19:45:16'),(58,21,'C_GUID','text',1,1,'aadhaar',NULL,NULL,'2026-05-12 19:45:17'),(59,21,'ForDemo','char',1,0,NULL,NULL,NULL,'2026-05-12 19:45:17'),(60,22,'id','int',0,0,NULL,NULL,NULL,'2026-05-12 19:45:22'),(61,22,'experienceOption','varchar',0,0,NULL,NULL,NULL,'2026-05-12 19:45:22'),(62,22,'createdAt','datetime',1,0,NULL,NULL,NULL,'2026-05-12 19:45:23'),(63,22,'createdBy','varchar',1,0,NULL,NULL,NULL,'2026-05-12 19:45:23'),(64,23,'Id','int',0,0,NULL,NULL,NULL,'2026-05-12 19:45:27'),(65,23,'RuleName','text',1,0,NULL,NULL,NULL,'2026-05-12 19:45:28'),(66,23,'RuleValue','text',1,0,NULL,NULL,NULL,'2026-05-12 19:45:29'),(67,24,'id','int',0,0,NULL,NULL,NULL,'2026-05-12 19:45:33'),(68,24,'hiringManagerId','varchar',0,0,NULL,NULL,NULL,'2026-05-12 19:45:33'),(69,24,'date','date',0,0,NULL,NULL,NULL,'2026-05-12 19:45:34'),(70,24,'timeSlot','varchar',0,0,NULL,NULL,NULL,'2026-05-12 19:45:34'),(71,24,'startTime','time',0,0,NULL,NULL,NULL,'2026-05-12 19:45:35'),(72,24,'endTime','time',0,0,NULL,NULL,NULL,'2026-05-12 19:45:36'),(73,24,'isBooked','tinyint',1,0,NULL,NULL,NULL,'2026-05-12 19:45:36'),(74,24,'candidateId','varchar',1,0,NULL,NULL,NULL,'2026-05-12 19:45:37'),(75,24,'createdOn','timestamp',1,0,NULL,NULL,NULL,'2026-05-12 19:45:37'),(76,24,'createdBy','varchar',1,0,NULL,NULL,NULL,'2026-05-12 19:45:38'),(77,24,'updatedOn','timestamp',1,0,NULL,NULL,NULL,'2026-05-12 19:45:38'),(78,24,'jobid','int',1,0,NULL,NULL,NULL,'2026-05-12 19:45:39'),(79,25,'InterviewId','int',0,0,NULL,NULL,NULL,'2026-05-12 19:45:43'),(80,25,'JobId','int',1,0,NULL,NULL,NULL,'2026-05-12 19:45:43'),(81,25,'CandidateId','int',1,0,NULL,NULL,NULL,'2026-05-12 19:45:44'),(82,25,'JoinStatus','varchar',1,0,NULL,NULL,NULL,'2026-05-12 19:45:44'),(83,25,'Feedback','varchar',1,0,NULL,NULL,NULL,'2026-05-12 19:45:45'),(84,25,'SelectionStatus','varchar',1,0,NULL,NULL,NULL,'2026-05-12 19:45:46'),(85,25,'CreatedAt','timestamp',1,0,NULL,NULL,NULL,'2026-05-12 19:45:46'),(86,26,'id','int',0,0,NULL,NULL,NULL,'2026-05-12 19:45:50'),(87,26,'jobId','text',1,0,NULL,NULL,NULL,'2026-05-12 19:45:50'),(88,26,'question','text',1,0,NULL,NULL,NULL,'2026-05-12 19:45:51'),(89,26,'option1','text',1,0,NULL,NULL,NULL,'2026-05-12 19:45:52'),(90,26,'option2','text',1,0,NULL,NULL,NULL,'2026-05-12 19:45:52'),(91,26,'option3','text',1,0,NULL,NULL,NULL,'2026-05-12 19:45:53'),(92,26,'option4','text',1,0,NULL,NULL,NULL,'2026-05-12 19:45:53'),(93,26,'correctOption','text',1,0,NULL,NULL,NULL,'2026-05-12 19:45:54'),(94,27,'id','int',0,0,NULL,NULL,NULL,'2026-05-12 19:45:58'),(95,27,'j_guid','text',1,1,'aadhaar',NULL,NULL,'2026-05-12 19:45:58'),(96,27,'jd','text',1,0,NULL,NULL,NULL,'2026-05-12 19:45:59'),(97,27,'experience','text',1,0,NULL,NULL,NULL,'2026-05-12 19:45:59'),(98,27,'location','text',1,0,NULL,NULL,NULL,'2026-05-12 19:46:00'),(99,27,'role','text',1,0,NULL,NULL,NULL,'2026-05-12 19:46:00'),(100,27,'primarySkills','text',1,0,NULL,NULL,NULL,'2026-05-12 19:46:01'),(101,27,'secondarySkills','text',1,0,NULL,NULL,NULL,'2026-05-12 19:46:02'),(102,27,'businessDependencies','text',1,0,NULL,NULL,NULL,'2026-05-12 19:46:02'),(103,27,'hiringManagerId','varchar',1,0,NULL,NULL,NULL,'2026-05-12 19:46:03'),(104,27,'createdBy','varchar',1,0,NULL,NULL,NULL,'2026-05-12 19:46:03'),(105,27,'createdOn','date',1,0,NULL,NULL,NULL,'2026-05-12 19:46:04'),(106,28,'Id','int',0,0,NULL,NULL,NULL,'2026-05-12 19:46:08'),(107,28,'JobId','int',1,0,NULL,NULL,NULL,'2026-05-12 19:46:09'),(108,28,'CandidateId','int',1,0,NULL,NULL,NULL,'2026-05-12 19:46:10'),(109,28,'Score','text',1,0,NULL,NULL,NULL,'2026-05-12 19:46:10'),(110,28,'LatestStatus','text',1,0,NULL,NULL,NULL,'2026-05-12 19:46:11'),(111,28,'created_at','datetime',1,0,NULL,NULL,NULL,'2026-05-12 19:46:11'),(112,28,'updated_at','datetime',1,0,NULL,NULL,NULL,'2026-05-12 19:46:12'),(113,28,'jobmatchscore','float',1,0,NULL,NULL,NULL,'2026-05-12 19:46:12'),(114,29,'id','int',0,0,NULL,NULL,NULL,'2026-05-12 19:46:16'),(115,29,'jobId','int',1,0,NULL,NULL,NULL,'2026-05-12 19:46:17'),(116,29,'candidateId','int',1,0,NULL,NULL,NULL,'2026-05-12 19:46:17'),(117,29,'assessmentSqnc','int',1,0,NULL,NULL,NULL,'2026-05-12 19:46:18'),(118,29,'assessmentName','text',1,0,NULL,NULL,NULL,'2026-05-12 19:46:18'),(119,29,'status','text',1,0,NULL,NULL,NULL,'2026-05-12 19:46:19'),(120,29,'score','int',1,0,NULL,NULL,NULL,'2026-05-12 19:46:20'),(121,29,'created_at','datetime',1,0,NULL,NULL,NULL,'2026-05-12 19:46:20'),(122,29,'updated_at','datetime',1,0,NULL,NULL,NULL,'2026-05-12 19:46:21'),(123,30,'id','int',0,0,NULL,NULL,NULL,'2026-05-12 19:46:25'),(124,30,'jobTitle','varchar',0,0,NULL,NULL,NULL,'2026-05-12 19:46:25'),(125,30,'createdAt','datetime',1,0,NULL,NULL,NULL,'2026-05-12 19:46:26'),(126,30,'createdBy','varchar',1,0,NULL,NULL,NULL,'2026-05-12 19:46:26'),(127,31,'id','int',0,0,NULL,NULL,NULL,'2026-05-12 19:46:30'),(128,31,'locationOption','varchar',0,0,NULL,NULL,NULL,'2026-05-12 19:46:31'),(129,31,'createdAt','datetime',1,0,NULL,NULL,NULL,'2026-05-12 19:46:31'),(130,31,'createdBy','varchar',1,0,NULL,NULL,NULL,'2026-05-12 19:46:32'),(131,32,'Id','int',0,0,NULL,NULL,NULL,'2026-05-12 19:46:35'),(132,32,'JobId','int',1,0,NULL,NULL,NULL,'2026-05-12 19:46:36'),(133,32,'CandidateId','int',1,0,NULL,NULL,NULL,'2026-05-12 19:46:36'),(134,32,'AssessmentId','int',1,0,NULL,NULL,NULL,'2026-05-12 19:46:37'),(135,32,'ScheduledTime','datetime',1,0,NULL,NULL,NULL,'2026-05-12 19:46:38'),(136,32,'MeetingLink','text',1,0,NULL,NULL,NULL,'2026-05-12 19:46:38'),(137,32,'Panel','text',1,1,'pan',NULL,NULL,'2026-05-12 19:46:39'),(138,33,'id','int',0,0,NULL,NULL,NULL,'2026-05-12 19:46:43'),(139,33,'recruiter_email','text',1,1,'email',NULL,NULL,'2026-05-12 19:46:44'),(140,33,'job_id','int',1,0,NULL,NULL,NULL,'2026-05-12 19:46:44'),(141,33,'c_guid','text',1,1,'aadhaar',NULL,NULL,'2026-05-12 19:46:45'),(142,33,'profile_blob_link','text',1,0,NULL,NULL,NULL,'2026-05-12 19:46:45'),(143,33,'is_processed','char',1,0,NULL,NULL,NULL,'2026-05-12 19:46:46'),(144,34,'id','int',0,0,NULL,NULL,NULL,'2026-05-12 19:46:50'),(145,34,'recruiter_email','text',1,1,'email',NULL,NULL,'2026-05-12 19:46:51'),(146,34,'job_id','int',1,0,NULL,NULL,NULL,'2026-05-12 19:46:51'),(147,34,'c_guid','text',1,1,'aadhaar',NULL,NULL,'2026-05-12 19:46:52'),(148,34,'profile_blob_link','text',1,0,NULL,NULL,NULL,'2026-05-12 19:46:53'),(149,34,'is_processed','char',1,0,NULL,NULL,NULL,'2026-05-12 19:46:53'),(150,35,'id','int',0,0,NULL,NULL,NULL,'2026-05-12 19:46:57'),(151,35,'email','varchar',0,1,'email',NULL,NULL,'2026-05-12 19:46:58'),(152,35,'otp','varchar',0,1,'otp',NULL,NULL,'2026-05-12 19:46:59'),(153,35,'expiry_time','datetime',0,0,NULL,NULL,NULL,'2026-05-12 19:46:59'),(154,35,'created_at','datetime',1,0,NULL,NULL,NULL,'2026-05-12 19:47:00'),(155,36,'id','int',0,0,NULL,NULL,NULL,'2026-05-12 19:47:04'),(156,36,'primarySkill','varchar',0,0,NULL,NULL,NULL,'2026-05-12 19:47:05'),(157,36,'createdAt','datetime',1,0,NULL,NULL,NULL,'2026-05-12 19:47:05'),(158,36,'createdBy','varchar',1,0,NULL,NULL,NULL,'2026-05-12 19:47:06'),(159,37,'Id','int',0,0,NULL,NULL,NULL,'2026-05-12 19:47:09'),(160,37,'JobId','int',1,0,NULL,NULL,NULL,'2026-05-12 19:47:10'),(161,37,'CandidateId','int',1,0,NULL,NULL,NULL,'2026-05-12 19:47:10'),(162,37,'Rank','int',1,0,NULL,NULL,NULL,'2026-05-12 19:47:11'),(163,38,'Id','int',0,0,NULL,NULL,NULL,'2026-05-12 19:47:15'),(164,38,'MinVal','text',1,0,NULL,NULL,NULL,'2026-05-12 19:47:15'),(165,38,'MaxVal','text',1,0,NULL,NULL,NULL,'2026-05-12 19:47:16'),(166,38,'Star','text',1,0,NULL,NULL,NULL,'2026-05-12 19:47:16'),(167,39,'MinVal','text',1,0,NULL,NULL,NULL,'2026-05-12 19:47:20'),(168,39,'MaxVal','text',1,0,NULL,NULL,NULL,'2026-05-12 19:47:21'),(169,39,'Star','text',1,0,NULL,NULL,NULL,'2026-05-12 19:47:21'),(170,40,'id','int',0,0,NULL,NULL,NULL,'2026-05-12 19:47:25'),(171,40,'roleOption','varchar',0,0,NULL,NULL,NULL,'2026-05-12 19:47:25'),(172,40,'createdAt','datetime',1,0,NULL,NULL,NULL,'2026-05-12 19:47:26'),(173,40,'createdBy','varchar',1,0,NULL,NULL,NULL,'2026-05-12 19:47:27'),(174,41,'id','int',0,0,NULL,NULL,NULL,'2026-05-12 19:47:30'),(175,41,'secondarySkill','varchar',0,0,NULL,NULL,NULL,'2026-05-12 19:47:31'),(176,41,'createdAt','datetime',1,0,NULL,NULL,NULL,'2026-05-12 19:47:31'),(177,41,'createdBy','varchar',1,0,NULL,NULL,NULL,'2026-05-12 19:47:32'),(178,42,'jobId','int',1,0,NULL,NULL,NULL,'2026-05-12 19:47:35'),(179,42,'candidateId','int',1,0,NULL,NULL,NULL,'2026-05-12 19:47:36'),(180,42,'first_name','text',1,1,'name',NULL,NULL,'2026-05-12 19:47:37'),(181,42,'middle_name','text',1,0,NULL,NULL,NULL,'2026-05-12 19:47:37'),(182,42,'last_name','text',1,1,'name',NULL,NULL,'2026-05-12 19:47:38'),(183,42,'experience','text',1,0,NULL,NULL,NULL,'2026-05-12 19:47:38'),(184,42,'skills','text',1,0,NULL,NULL,NULL,'2026-05-12 19:47:39'),(185,42,'email','text',1,1,'email',NULL,NULL,'2026-05-12 19:47:39'),(186,42,'score','text',1,0,NULL,NULL,NULL,'2026-05-12 19:47:40'),(187,42,'latestStatus','text',1,0,NULL,NULL,NULL,'2026-05-12 19:47:40'),(188,42,'contact','text',1,1,'phone',NULL,NULL,'2026-05-12 19:47:41'),(189,42,'address','text',1,0,NULL,NULL,NULL,'2026-05-12 19:47:42'),(190,42,'designation','text',1,0,NULL,NULL,NULL,'2026-05-12 19:47:42'),(191,42,'certification','text',1,0,NULL,NULL,NULL,'2026-05-12 19:47:43'),(192,43,'applicationId','int',1,0,NULL,NULL,NULL,'2026-05-12 19:47:47'),(193,43,'jobId','int',1,0,NULL,NULL,NULL,'2026-05-12 19:47:48'),(194,43,'jd','text',1,0,NULL,NULL,NULL,'2026-05-12 19:47:48'),(195,43,'role','text',1,0,NULL,NULL,NULL,'2026-05-12 19:47:49'),(196,43,'candidateId','int',1,0,NULL,NULL,NULL,'2026-05-12 19:47:49'),(197,43,'latestStatus','mediumtext',1,0,NULL,NULL,NULL,'2026-05-12 19:47:50'),(198,43,'button_value','varchar',1,0,NULL,NULL,NULL,'2026-05-12 19:47:50'),(199,43,'isProcessing','int',0,0,NULL,NULL,NULL,'2026-05-12 19:47:51'),(200,44,'jobId','int',1,0,NULL,NULL,NULL,'2026-05-12 19:47:55'),(201,44,'hiringManagerId','varchar',1,0,NULL,NULL,NULL,'2026-05-12 19:47:55'),(202,44,'candidateId','int',1,0,NULL,NULL,NULL,'2026-05-12 19:47:56'),(203,44,'first_name','text',1,1,'name',NULL,NULL,'2026-05-12 19:47:56'),(204,44,'middle_name','text',1,0,NULL,NULL,NULL,'2026-05-12 19:47:57'),(205,44,'last_name','text',1,1,'name',NULL,NULL,'2026-05-12 19:47:58'),(206,44,'scheduledTime','datetime',1,0,NULL,NULL,NULL,'2026-05-12 19:47:58'),(207,44,'jobTitle','text',1,0,NULL,NULL,NULL,'2026-05-12 19:47:59'),(208,45,'jobId','int',1,0,NULL,NULL,NULL,'2026-05-12 19:48:03'),(209,45,'candidateId','int',1,0,NULL,NULL,NULL,'2026-05-12 19:48:04'),(210,45,'first_name','text',1,1,'name',NULL,NULL,'2026-05-12 19:48:05'),(211,45,'middle_name','text',1,0,NULL,NULL,NULL,'2026-05-12 19:48:05'),(212,45,'last_name','text',1,1,'name',NULL,NULL,'2026-05-12 19:48:06'),(213,45,'latestrole','text',1,0,NULL,NULL,NULL,'2026-05-12 19:48:06'),(214,45,'education','text',1,0,NULL,NULL,NULL,'2026-05-12 19:48:07'),(215,45,'star','text',1,0,NULL,NULL,NULL,'2026-05-12 19:48:07'),(216,45,'experience','text',1,0,NULL,NULL,NULL,'2026-05-12 19:48:08'),(217,45,'skills','text',1,0,NULL,NULL,NULL,'2026-05-12 19:48:08'),(218,45,'latestStatus','text',1,0,NULL,NULL,NULL,'2026-05-12 19:48:09'),(219,45,'email','text',1,1,'email',NULL,NULL,'2026-05-12 19:48:10'),(220,45,'J_GUID','text',1,1,'aadhaar',NULL,NULL,'2026-05-12 19:48:10'),(221,45,'contact','text',1,1,'phone',NULL,NULL,'2026-05-12 19:48:11'),(222,45,'address','text',1,0,NULL,NULL,NULL,'2026-05-12 19:48:11'),(223,45,'designation','text',1,0,NULL,NULL,NULL,'2026-05-12 19:48:12'),(224,45,'certification','text',1,0,NULL,NULL,NULL,'2026-05-12 19:48:12'),(225,46,'job_id','int',1,0,NULL,NULL,NULL,'2026-05-12 19:48:17'),(226,46,'recruiter_email','text',1,1,'email',NULL,NULL,'2026-05-12 19:48:17'),(227,46,'first_name','text',1,1,'name',NULL,NULL,'2026-05-12 19:48:18'),(228,46,'middle_name','text',1,0,NULL,NULL,NULL,'2026-05-12 19:48:18'),(229,46,'last_name','text',1,1,'name',NULL,NULL,'2026-05-12 19:48:19'),(230,46,'contact','text',1,1,'phone',NULL,NULL,'2026-05-12 19:48:20'),(231,46,'email','text',1,1,'email',NULL,NULL,'2026-05-12 19:48:20'),(232,47,'job_id','int',1,0,NULL,NULL,NULL,'2026-05-12 19:48:24'),(233,47,'JD','mediumtext',1,0,NULL,NULL,NULL,'2026-05-12 19:48:25'),(234,47,'HiringManagerId','varchar',1,0,NULL,NULL,NULL,'2026-05-12 19:48:25'),(235,47,'first_name','mediumtext',1,1,'name',NULL,NULL,'2026-05-12 19:48:26'),(236,47,'middle_name','mediumtext',1,0,NULL,NULL,NULL,'2026-05-12 19:48:27'),(237,47,'last_name','mediumtext',1,1,'name',NULL,NULL,'2026-05-12 19:48:27'),(238,47,'latestrole','mediumtext',1,0,NULL,NULL,NULL,'2026-05-12 19:48:28'),(239,47,'education','mediumtext',1,0,NULL,NULL,NULL,'2026-05-12 19:48:28'),(240,47,'Star','mediumtext',1,0,NULL,NULL,NULL,'2026-05-12 19:48:29'),(241,47,'experience','mediumtext',1,0,NULL,NULL,NULL,'2026-05-12 19:48:29'),(242,47,'skills','mediumtext',1,0,NULL,NULL,NULL,'2026-05-12 19:48:30'),(243,47,'LatestStatus','mediumtext',1,0,NULL,NULL,NULL,'2026-05-12 19:48:30'),(244,47,'email','mediumtext',1,1,'email',NULL,NULL,'2026-05-12 19:48:31'),(245,47,'J_GUID','mediumtext',1,1,'aadhaar',NULL,NULL,'2026-05-12 19:48:32'),(246,48,'job_id','int',1,0,NULL,NULL,NULL,'2026-05-12 19:48:36'),(247,48,'JD','text',1,0,NULL,NULL,NULL,'2026-05-12 19:48:36'),(248,48,'HiringManagerId','varchar',1,0,NULL,NULL,NULL,'2026-05-12 19:48:37'),(249,48,'first_name','text',1,1,'name',NULL,NULL,'2026-05-12 19:48:37'),(250,48,'middle_name','text',1,0,NULL,NULL,NULL,'2026-05-12 19:48:38'),(251,48,'last_name','text',1,1,'name',NULL,NULL,'2026-05-12 19:48:39'),(252,48,'latestrole','text',1,0,NULL,NULL,NULL,'2026-05-12 19:48:39'),(253,48,'education','text',1,0,NULL,NULL,NULL,'2026-05-12 19:48:40'),(254,48,'Star','text',1,0,NULL,NULL,NULL,'2026-05-12 19:48:40'),(255,48,'experience','text',1,0,NULL,NULL,NULL,'2026-05-12 19:48:41'),(256,48,'skills','text',1,0,NULL,NULL,NULL,'2026-05-12 19:48:41'),(257,48,'LatestStatus','text',1,0,NULL,NULL,NULL,'2026-05-12 19:48:42'),(258,48,'email','text',1,1,'email',NULL,NULL,'2026-05-12 19:48:43'),(259,48,'J_GUID','text',1,1,'aadhaar',NULL,NULL,'2026-05-12 19:48:43'),(260,49,'job_id','int',1,0,NULL,NULL,NULL,'2026-05-12 19:48:47'),(261,49,'JD','text',1,0,NULL,NULL,NULL,'2026-05-12 19:48:48'),(262,49,'HiringManagerId','varchar',1,0,NULL,NULL,NULL,'2026-05-12 19:48:48'),(263,49,'first_name','text',1,1,'name',NULL,NULL,'2026-05-12 19:48:49'),(264,49,'middle_name','text',1,0,NULL,NULL,NULL,'2026-05-12 19:48:50'),(265,49,'last_name','text',1,1,'name',NULL,NULL,'2026-05-12 19:48:50'),(266,49,'latestrole','text',1,0,NULL,NULL,NULL,'2026-05-12 19:48:51'),(267,49,'education','text',1,0,NULL,NULL,NULL,'2026-05-12 19:48:51'),(268,49,'Star','text',1,0,NULL,NULL,NULL,'2026-05-12 19:48:52'),(269,49,'experience','text',1,0,NULL,NULL,NULL,'2026-05-12 19:48:52'),(270,49,'skills','text',1,0,NULL,NULL,NULL,'2026-05-12 19:48:53'),(271,49,'LatestStatus','text',1,0,NULL,NULL,NULL,'2026-05-12 19:48:53'),(272,49,'email','text',1,1,'email',NULL,NULL,'2026-05-12 19:48:54'),(273,49,'J_GUID','text',1,1,'aadhaar',NULL,NULL,'2026-05-12 19:48:55'),(274,50,'job_id','bigint',1,0,NULL,NULL,NULL,'2026-05-12 19:48:59'),(275,50,'JD','mediumtext',1,0,NULL,NULL,NULL,'2026-05-12 19:48:59'),(276,50,'HiringManagerId','varchar',1,0,NULL,NULL,NULL,'2026-05-12 19:49:00'),(277,50,'first_name','mediumtext',1,1,'name',NULL,NULL,'2026-05-12 19:49:00'),(278,50,'middle_name','mediumtext',1,0,NULL,NULL,NULL,'2026-05-12 19:49:01'),(279,50,'last_name','mediumtext',1,1,'name',NULL,NULL,'2026-05-12 19:49:02'),(280,50,'latestrole','mediumtext',1,0,NULL,NULL,NULL,'2026-05-12 19:49:02'),(281,50,'education','mediumtext',1,0,NULL,NULL,NULL,'2026-05-12 19:49:03'),(282,50,'Star','mediumtext',1,0,NULL,NULL,NULL,'2026-05-12 19:49:03'),(283,50,'experience','mediumtext',1,0,NULL,NULL,NULL,'2026-05-12 19:49:04'),(284,50,'skills','mediumtext',1,0,NULL,NULL,NULL,'2026-05-12 19:49:04'),(285,50,'LatestStatus','mediumtext',1,0,NULL,NULL,NULL,'2026-05-12 19:49:05'),(286,50,'email','mediumtext',1,1,'email',NULL,NULL,'2026-05-12 19:49:05'),(287,50,'J_GUID','mediumtext',1,1,'aadhaar',NULL,NULL,'2026-05-12 19:49:06'),(288,51,'job_id','int',1,0,NULL,NULL,NULL,'2026-05-12 19:49:10'),(289,51,'JD','mediumtext',1,0,NULL,NULL,NULL,'2026-05-12 19:49:11'),(290,51,'HiringManagerId','varchar',1,0,NULL,NULL,NULL,'2026-05-12 19:49:11'),(291,51,'first_name','mediumtext',1,1,'name',NULL,NULL,'2026-05-12 19:49:12'),(292,51,'middle_name','mediumtext',1,0,NULL,NULL,NULL,'2026-05-12 19:49:13'),(293,51,'last_name','mediumtext',1,1,'name',NULL,NULL,'2026-05-12 19:49:13'),(294,51,'latestrole','mediumtext',1,0,NULL,NULL,NULL,'2026-05-12 19:49:14'),(295,51,'education','mediumtext',1,0,NULL,NULL,NULL,'2026-05-12 19:49:14'),(296,51,'Star','mediumtext',1,0,NULL,NULL,NULL,'2026-05-12 19:49:15'),(297,51,'experience','mediumtext',1,0,NULL,NULL,NULL,'2026-05-12 19:49:15'),(298,51,'skills','mediumtext',1,0,NULL,NULL,NULL,'2026-05-12 19:49:16'),(299,51,'LatestStatus','mediumtext',1,0,NULL,NULL,NULL,'2026-05-12 19:49:16'),(300,51,'email','mediumtext',1,1,'email',NULL,NULL,'2026-05-12 19:49:17'),(301,51,'J_GUID','mediumtext',1,1,'aadhaar',NULL,NULL,'2026-05-12 19:49:18'),(302,52,'job_id','int',0,0,NULL,NULL,NULL,'2026-05-12 19:49:22'),(303,52,'JD','text',1,0,NULL,NULL,NULL,'2026-05-12 19:49:22'),(304,52,'HiringManagerId','varchar',1,0,NULL,NULL,NULL,'2026-05-12 19:49:23'),(305,53,'job_id','int',1,0,NULL,NULL,NULL,'2026-05-12 19:49:27'),(306,53,'JD','text',1,0,NULL,NULL,NULL,'2026-05-12 19:49:27'),(307,53,'HiringManagerId','varchar',1,0,NULL,NULL,NULL,'2026-05-12 19:49:28'),(308,54,'Id','varchar',0,0,NULL,NULL,NULL,'2026-05-12 19:49:31'),(309,54,'HiringManagerId','varchar',1,0,NULL,NULL,NULL,'2026-05-12 19:49:32');
/*!40000 ALTER TABLE `dataset_columns` ENABLE KEYS */;
UNLOCK TABLES;

--
-- Table structure for table `dataset_validation_rules`
--

DROP TABLE IF EXISTS `dataset_validation_rules`;
/*!40101 SET @saved_cs_client     = @@character_set_client */;
/*!50503 SET character_set_client = utf8mb4 */;
CREATE TABLE `dataset_validation_rules` (
  `id` int NOT NULL AUTO_INCREMENT,
  `dataset_id` int NOT NULL,
  `rule_book_id` int DEFAULT NULL,
  `rule_name` varchar(200) COLLATE utf8mb4_unicode_ci NOT NULL,
  `rule_type` enum('null_check','unique_check','range_check','regex_check','custom_sql') COLLATE utf8mb4_unicode_ci NOT NULL,
  `rule_config` text COLLATE utf8mb4_unicode_ci NOT NULL,
  `is_active` tinyint(1) NOT NULL DEFAULT '1',
  `created_at` datetime NOT NULL DEFAULT CURRENT_TIMESTAMP,
  `updated_at` datetime NOT NULL DEFAULT CURRENT_TIMESTAMP ON UPDATE CURRENT_TIMESTAMP,
  PRIMARY KEY (`id`),
  KEY `fk_dvr_rule_book` (`rule_book_id`),
  KEY `idx_dvr_dataset` (`dataset_id`),
  KEY `idx_dvr_active` (`is_active`),
  CONSTRAINT `fk_dvr_dataset` FOREIGN KEY (`dataset_id`) REFERENCES `datasets` (`id`) ON DELETE CASCADE,
  CONSTRAINT `fk_dvr_rule_book` FOREIGN KEY (`rule_book_id`) REFERENCES `rule_books` (`id`) ON DELETE SET NULL
) ENGINE=InnoDB DEFAULT CHARSET=utf8mb4 COLLATE=utf8mb4_unicode_ci;
/*!40101 SET character_set_client = @saved_cs_client */;

--
-- Dumping data for table `dataset_validation_rules`
--

LOCK TABLES `dataset_validation_rules` WRITE;
/*!40000 ALTER TABLE `dataset_validation_rules` DISABLE KEYS */;
/*!40000 ALTER TABLE `dataset_validation_rules` ENABLE KEYS */;
UNLOCK TABLES;

--
-- Table structure for table `datasets`
--

DROP TABLE IF EXISTS `datasets`;
/*!40101 SET @saved_cs_client     = @@character_set_client */;
/*!50503 SET character_set_client = utf8mb4 */;
CREATE TABLE `datasets` (
  `id` int NOT NULL AUTO_INCREMENT,
  `connector_id` int NOT NULL,
  `schema_name` varchar(150) COLLATE utf8mb4_unicode_ci DEFAULT NULL,
  `dataset_name` varchar(200) COLLATE utf8mb4_unicode_ci NOT NULL,
  `dataset_type` varchar(50) CHARACTER SET utf8mb4 COLLATE utf8mb4_unicode_ci NOT NULL,
  `row_count` bigint DEFAULT NULL,
  `column_count` int DEFAULT NULL,
  `contains_pii` tinyint(1) NOT NULL DEFAULT '0',
  `pii_categories` varchar(500) COLLATE utf8mb4_unicode_ci DEFAULT NULL,
  `quality_score` decimal(5,2) DEFAULT NULL,
  `last_profiled_at` datetime DEFAULT NULL,
  `created_at` datetime NOT NULL DEFAULT CURRENT_TIMESTAMP,
  `updated_at` datetime NOT NULL DEFAULT CURRENT_TIMESTAMP ON UPDATE CURRENT_TIMESTAMP,
  PRIMARY KEY (`id`),
  UNIQUE KEY `uq_dataset` (`connector_id`,`schema_name`,`dataset_name`),
  KEY `idx_datasets_pii` (`contains_pii`),
  KEY `idx_datasets_score` (`quality_score`),
  CONSTRAINT `fk_datasets_connector` FOREIGN KEY (`connector_id`) REFERENCES `connectors` (`id`) ON DELETE CASCADE
) ENGINE=InnoDB AUTO_INCREMENT=55 DEFAULT CHARSET=utf8mb4 COLLATE=utf8mb4_unicode_ci;
/*!40101 SET character_set_client = @saved_cs_client */;

--
-- Dumping data for table `datasets`
--

LOCK TABLES `datasets` WRITE;
/*!40000 ALTER TABLE `datasets` DISABLE KEYS */;
INSERT INTO `datasets` VALUES (1,3,'jobs','ques_gen_ICSE','job',NULL,0,0,NULL,NULL,'2026-05-12 14:10:15','2026-05-12 19:40:18','2026-05-12 19:40:18'),(2,3,'jobs','ques_gen_CBSE','job',NULL,0,0,NULL,NULL,'2026-05-12 14:10:17','2026-05-12 19:40:19','2026-05-12 19:40:19'),(3,3,'jobs','MokshaPath_masterdata_population','job',NULL,0,0,NULL,NULL,'2026-05-12 14:10:19','2026-05-12 19:40:21','2026-05-12 19:40:21'),(4,3,'jobs','Table_Updation_for_RAG','job',NULL,0,0,NULL,NULL,'2026-05-12 14:10:20','2026-05-12 19:40:22','2026-05-12 19:40:22'),(5,3,'jobs','MokshaPath_questiondata_population','job',NULL,0,0,NULL,NULL,'2026-05-12 14:10:22','2026-05-12 19:40:24','2026-05-12 19:40:24'),(6,3,'clusters','Ayan Mondal (IN)\'s Cluster 2026-02-10 12:31:37','cluster',NULL,0,0,NULL,NULL,'2026-05-12 14:10:23','2026-05-12 19:40:25','2026-05-12 19:40:25'),(7,2,'adf','DS_BLOB_JSON','dataset',NULL,0,0,NULL,NULL,'2026-05-12 14:13:14','2026-05-12 19:43:17','2026-05-12 19:43:17'),(8,2,'adf','DS_Blob_folder','dataset',NULL,0,0,NULL,NULL,'2026-05-12 14:13:16','2026-05-12 19:43:18','2026-05-12 19:43:18'),(9,2,'adf','DS_POSTGRES_RAW','dataset',NULL,0,0,NULL,NULL,'2026-05-12 14:13:18','2026-05-12 19:43:20','2026-05-12 19:43:20'),(10,2,'adf','DS_POSTGRES_ERROR','dataset',NULL,0,0,NULL,NULL,'2026-05-12 14:13:20','2026-05-12 19:43:22','2026-05-12 19:43:22'),(11,2,'adf','DS_POSTGRES_STAGE','dataset',NULL,0,0,NULL,NULL,'2026-05-12 14:13:21','2026-05-12 19:43:23','2026-05-12 19:43:23'),(12,2,'adf','DelimitedText1','dataset',NULL,0,0,NULL,NULL,'2026-05-12 14:13:23','2026-05-12 19:43:25','2026-05-12 19:43:25'),(13,2,'adf','DelimitedText2','dataset',NULL,0,0,NULL,NULL,'2026-05-12 14:13:24','2026-05-12 19:43:26','2026-05-12 19:43:26'),(14,2,'adf','PL_INGEST_MASTER_DATA','pipeline',NULL,0,0,NULL,NULL,'2026-05-12 14:13:26','2026-05-12 19:43:28','2026-05-12 19:43:28'),(15,2,'adf','pipeline1','pipeline',NULL,0,0,NULL,NULL,'2026-05-12 14:13:27','2026-05-12 19:43:30','2026-05-12 19:43:30'),(16,4,'adani_talent','applicationuser','table',10,5,1,'email',90.00,'2026-05-12 14:38:51','2026-05-12 19:44:27','2026-05-12 20:08:53'),(17,4,'adani_talent','assessment_session_log','table',9,9,0,NULL,85.00,'2026-05-12 14:39:19','2026-05-12 19:44:33','2026-05-12 20:09:21'),(18,4,'adani_talent','assessmentinfo','table',10,9,0,NULL,95.00,'2026-05-12 14:39:41','2026-05-12 19:44:41','2026-05-12 20:09:42'),(19,4,'adani_talent','avatariceserverdetails','table',0,3,0,NULL,100.00,'2026-05-12 14:39:57','2026-05-12 19:44:50','2026-05-12 20:09:59'),(20,4,'adani_talent','candidateprofile','table',8,17,1,'aadhaar,email,name,phone',100.00,'2026-05-12 14:40:11','2026-05-12 19:44:54','2026-05-12 20:10:12'),(21,4,'adani_talent','candidateprofile_test','table',71,16,1,'aadhaar,email,name,phone',90.00,'2026-05-12 14:40:27','2026-05-12 19:45:08','2026-05-12 20:10:30'),(22,4,'adani_talent','experienceoptions','table',7,4,0,NULL,90.00,'2026-05-12 14:40:50','2026-05-12 19:45:21','2026-05-12 20:10:51'),(23,4,'adani_talent','genericthreshold','table',0,3,0,NULL,100.00,'2026-05-12 14:41:05','2026-05-12 19:45:26','2026-05-12 20:11:06'),(24,4,'adani_talent','hiringmanagerselectedslots','table',3,12,0,NULL,80.00,'2026-05-12 14:41:17','2026-05-12 19:45:32','2026-05-12 20:11:18'),(25,4,'adani_talent','interviewinfo','table',2,7,0,NULL,95.00,'2026-05-12 14:41:38','2026-05-12 19:45:42','2026-05-12 20:11:39'),(26,4,'adani_talent','jdbasedaimcq','table',100,8,0,NULL,100.00,'2026-05-12 14:41:53','2026-05-12 19:45:49','2026-05-12 20:11:54'),(27,4,'adani_talent','job','table',10,12,1,'aadhaar',100.00,'2026-05-12 14:42:04','2026-05-12 19:45:56','2026-05-12 20:12:05'),(28,4,'adani_talent','jobapplication','table',55,8,0,NULL,90.00,'2026-05-12 14:42:21','2026-05-12 19:46:07','2026-05-12 20:12:22'),(29,4,'adani_talent','jobassessments','table',24,9,0,NULL,90.00,'2026-05-12 14:42:39','2026-05-12 19:46:15','2026-05-12 20:12:40'),(30,4,'adani_talent','jobtitles','table',120,4,0,NULL,90.00,'2026-05-12 14:42:57','2026-05-12 19:46:23','2026-05-12 20:12:59'),(31,4,'adani_talent','locationoptions','table',41,4,0,NULL,90.00,'2026-05-12 14:43:15','2026-05-12 19:46:29','2026-05-12 20:13:16'),(32,4,'adani_talent','meetings','table',3,7,1,'pan',85.00,'2026-05-12 14:43:38','2026-05-12 19:46:34','2026-05-12 20:13:40'),(33,4,'adani_talent','newcandidate','table',0,6,1,'aadhaar,email',80.00,'2026-05-12 14:44:02','2026-05-12 19:46:42','2026-05-12 20:14:03'),(34,4,'adani_talent','newcandidate_test','table',9,6,1,'aadhaar,email',100.00,'2026-05-12 14:44:22','2026-05-12 19:46:49','2026-05-12 20:14:24'),(35,4,'adani_talent','otp_verification','table',2,5,1,'email,otp',95.00,'2026-05-12 14:44:36','2026-05-12 19:46:56','2026-05-12 20:14:38'),(36,4,'adani_talent','primaryskills','table',152,4,0,NULL,90.00,'2026-05-12 14:45:00','2026-05-12 19:47:03','2026-05-12 20:15:01'),(37,4,'adani_talent','profileranking','table',0,4,0,NULL,80.00,'2026-05-12 14:45:18','2026-05-12 19:47:08','2026-05-12 20:15:19'),(38,4,'adani_talent','profilestarmapping','table',9,4,0,NULL,100.00,'2026-05-12 14:45:33','2026-05-12 19:47:13','2026-05-12 20:15:34'),(39,4,'adani_talent','profilestarmapping_bkp2312','table',36,3,0,NULL,100.00,'2026-05-12 14:45:46','2026-05-12 19:47:19','2026-05-12 20:15:47'),(40,4,'adani_talent','roleoptions','table',25,4,0,NULL,90.00,'2026-05-12 14:45:55','2026-05-12 19:47:24','2026-05-12 20:15:57'),(41,4,'adani_talent','secondaryskills','table',100,4,0,NULL,90.00,'2026-05-12 14:46:19','2026-05-12 19:47:29','2026-05-12 20:16:21'),(42,4,'adani_talent','v_hm_candidate_applied','view',NULL,14,1,'email,name,phone',95.00,'2026-05-12 14:46:45','2026-05-12 19:47:34','2026-05-12 20:16:47'),(43,4,'adani_talent','v_hm_candidate_job_mapping','view',NULL,8,0,NULL,95.00,'2026-05-12 14:47:04','2026-05-12 19:47:46','2026-05-12 20:17:05'),(44,4,'adani_talent','v_hm_candidate_meeting','view',NULL,8,1,'name',60.00,'2026-05-12 14:47:25','2026-05-12 19:47:54','2026-05-12 20:17:26'),(45,4,'adani_talent','v_hm_candidate_shortlisted','view',NULL,17,1,'aadhaar,email,name,phone',100.00,'2026-05-12 14:47:47','2026-05-12 19:48:02','2026-05-12 20:17:49'),(46,4,'adani_talent','v_recruiter_candidate_duplicate','view',NULL,7,1,'email,name,phone',80.00,'2026-05-12 14:48:03','2026-05-12 19:48:16','2026-05-12 20:18:04'),(47,4,'adani_talent','v_recruiter_candidate_shortlisted','view',NULL,14,1,'aadhaar,email,name',100.00,'2026-05-12 14:48:26','2026-05-12 19:48:23','2026-05-12 20:18:27'),(48,4,'adani_talent','v_recruiter_candidate_shortlisted_backup','view',NULL,14,1,'aadhaar,email,name',80.00,'2026-05-12 14:48:37','2026-05-12 19:48:35','2026-05-12 20:18:39'),(49,4,'adani_talent','v_recruiter_candidate_shortlisted_bkp2','view',NULL,14,1,'aadhaar,email,name',100.00,'2026-05-12 14:49:01','2026-05-12 19:48:46','2026-05-12 20:19:03'),(50,4,'adani_talent','v_recruiter_candidate_shortlisted_bkp3','view',NULL,14,1,'aadhaar,email,name',50.00,'2026-05-12 14:49:14','2026-05-12 19:48:58','2026-05-12 20:19:15'),(51,4,'adani_talent','v_recruiter_candidate_shortlisted_sb','view',NULL,14,1,'aadhaar,email,name',100.00,'2026-05-12 14:49:32','2026-05-12 19:49:09','2026-05-12 20:19:33'),(52,4,'adani_talent','v_recruiter_job_details','view',NULL,3,0,NULL,100.00,'2026-05-12 14:49:44','2026-05-12 19:49:21','2026-05-12 20:19:45'),(53,4,'adani_talent','v_recruiter_job_details_backup','view',NULL,3,0,NULL,80.00,'2026-05-12 14:49:55','2026-05-12 19:49:26','2026-05-12 20:19:56'),(54,4,'adani_talent','v_recruiter_job_search','view',NULL,2,0,NULL,100.00,'2026-05-12 14:50:10','2026-05-12 19:49:30','2026-05-12 20:20:11');
/*!40000 ALTER TABLE `datasets` ENABLE KEYS */;
UNLOCK TABLES;

--
-- Table structure for table `monitoring_jobs`
--

DROP TABLE IF EXISTS `monitoring_jobs`;
/*!40101 SET @saved_cs_client     = @@character_set_client */;
/*!50503 SET character_set_client = utf8mb4 */;
CREATE TABLE `monitoring_jobs` (
  `id` int NOT NULL AUTO_INCREMENT,
  `connector_id` int NOT NULL,
  `job_type` enum('scan','quality','schema_drift','pii','cloud') COLLATE utf8mb4_unicode_ci NOT NULL,
  `interval_minutes` int NOT NULL DEFAULT '60',
  `enabled` tinyint(1) NOT NULL DEFAULT '1',
  `last_run_at` datetime DEFAULT NULL,
  `next_run_at` datetime DEFAULT NULL,
  `created_at` datetime NOT NULL DEFAULT CURRENT_TIMESTAMP,
  PRIMARY KEY (`id`),
  KEY `fk_mjobs_connector` (`connector_id`),
  KEY `idx_mjobs_enabled` (`enabled`),
  CONSTRAINT `fk_mjobs_connector` FOREIGN KEY (`connector_id`) REFERENCES `connectors` (`id`) ON DELETE CASCADE
) ENGINE=InnoDB DEFAULT CHARSET=utf8mb4 COLLATE=utf8mb4_unicode_ci;
/*!40101 SET character_set_client = @saved_cs_client */;

--
-- Dumping data for table `monitoring_jobs`
--

LOCK TABLES `monitoring_jobs` WRITE;
/*!40000 ALTER TABLE `monitoring_jobs` DISABLE KEYS */;
/*!40000 ALTER TABLE `monitoring_jobs` ENABLE KEYS */;
UNLOCK TABLES;

--
-- Table structure for table `monitoring_logs`
--

DROP TABLE IF EXISTS `monitoring_logs`;
/*!40101 SET @saved_cs_client     = @@character_set_client */;
/*!50503 SET character_set_client = utf8mb4 */;
CREATE TABLE `monitoring_logs` (
  `id` int NOT NULL AUTO_INCREMENT,
  `dataset_id` int DEFAULT NULL,
  `connector_id` int DEFAULT NULL,
  `log_type` enum('quality_check','rule_execution','data_mark','ai_analysis') COLLATE utf8mb4_unicode_ci NOT NULL,
  `log_content` text COLLATE utf8mb4_unicode_ci NOT NULL,
  `vector_embedding` text COLLATE utf8mb4_unicode_ci,
  `created_at` datetime NOT NULL DEFAULT CURRENT_TIMESTAMP,
  PRIMARY KEY (`id`),
  KEY `fk_mlog_connector` (`connector_id`),
  KEY `idx_mlog_dataset` (`dataset_id`),
  KEY `idx_mlog_created` (`created_at`),
  CONSTRAINT `fk_mlog_connector` FOREIGN KEY (`connector_id`) REFERENCES `connectors` (`id`) ON DELETE SET NULL,
  CONSTRAINT `fk_mlog_dataset` FOREIGN KEY (`dataset_id`) REFERENCES `datasets` (`id`) ON DELETE SET NULL
) ENGINE=InnoDB AUTO_INCREMENT=40 DEFAULT CHARSET=utf8mb4 COLLATE=utf8mb4_unicode_ci;
/*!40101 SET character_set_client = @saved_cs_client */;

--
-- Dumping data for table `monitoring_logs`
--

LOCK TABLES `monitoring_logs` WRITE;
/*!40000 ALTER TABLE `monitoring_logs` DISABLE KEYS */;
INSERT INTO `monitoring_logs` VALUES (1,16,4,'quality_check','Quality check on applicationuser: score 90.0, issues 2',NULL,'2026-05-12 20:08:55'),(2,17,4,'quality_check','Quality check on assessment_session_log: score 85.0, issues 3',NULL,'2026-05-12 20:09:23'),(3,18,4,'quality_check','Quality check on assessmentinfo: score 95.0, issues 1',NULL,'2026-05-12 20:09:44'),(4,19,4,'quality_check','Quality check on avatariceserverdetails: score 100.0, issues 0',NULL,'2026-05-12 20:10:01'),(5,20,4,'quality_check','Quality check on candidateprofile: score 100.0, issues 0',NULL,'2026-05-12 20:10:16'),(6,21,4,'quality_check','Quality check on candidateprofile_test: score 90.0, issues 2',NULL,'2026-05-12 20:10:33'),(7,22,4,'quality_check','Quality check on experienceoptions: score 90.0, issues 2',NULL,'2026-05-12 20:10:54'),(8,23,4,'quality_check','Quality check on genericthreshold: score 100.0, issues 0',NULL,'2026-05-12 20:11:09'),(9,24,4,'quality_check','Quality check on hiringmanagerselectedslots: score 80.0, issues 4',NULL,'2026-05-12 20:11:20'),(10,25,4,'quality_check','Quality check on interviewinfo: score 95.0, issues 1',NULL,'2026-05-12 20:11:41'),(11,26,4,'quality_check','Quality check on jdbasedaimcq: score 100.0, issues 0',NULL,'2026-05-12 20:11:56'),(12,27,4,'quality_check','Quality check on job: score 100.0, issues 0',NULL,'2026-05-12 20:12:07'),(13,28,4,'quality_check','Quality check on jobapplication: score 90.0, issues 2',NULL,'2026-05-12 20:12:25'),(14,29,4,'quality_check','Quality check on jobassessments: score 90.0, issues 2',NULL,'2026-05-12 20:12:42'),(15,30,4,'quality_check','Quality check on jobtitles: score 90.0, issues 2',NULL,'2026-05-12 20:13:02'),(16,31,4,'quality_check','Quality check on locationoptions: score 90.0, issues 2',NULL,'2026-05-12 20:13:18'),(17,32,4,'quality_check','Quality check on meetings: score 85.0, issues 3',NULL,'2026-05-12 20:13:42'),(18,33,4,'quality_check','Quality check on newcandidate: score 80.0, issues 1',NULL,'2026-05-12 20:14:05'),(19,34,4,'quality_check','Quality check on newcandidate_test: score 100.0, issues 0',NULL,'2026-05-12 20:14:27'),(20,35,4,'quality_check','Quality check on otp_verification: score 95.0, issues 1',NULL,'2026-05-12 20:14:42'),(21,36,4,'quality_check','Quality check on primaryskills: score 90.0, issues 2',NULL,'2026-05-12 20:15:03'),(22,37,4,'quality_check','Quality check on profileranking: score 80.0, issues 1',NULL,'2026-05-12 20:15:21'),(23,38,4,'quality_check','Quality check on profilestarmapping: score 100.0, issues 0',NULL,'2026-05-12 20:15:37'),(24,39,4,'quality_check','Quality check on profilestarmapping_bkp2312: score 100.0, issues 0',NULL,'2026-05-12 20:15:50'),(25,40,4,'quality_check','Quality check on roleoptions: score 90.0, issues 2',NULL,'2026-05-12 20:16:01'),(26,41,4,'quality_check','Quality check on secondaryskills: score 90.0, issues 2',NULL,'2026-05-12 20:16:24'),(27,42,4,'quality_check','Quality check on v_hm_candidate_applied: score 95.0, issues 1',NULL,'2026-05-12 20:16:48'),(28,43,4,'quality_check','Quality check on v_hm_candidate_job_mapping: score 95.0, issues 1',NULL,'2026-05-12 20:17:09'),(29,44,4,'quality_check','Quality check on v_hm_candidate_meeting: score 60.0, issues 8',NULL,'2026-05-12 20:17:27'),(30,45,4,'quality_check','Quality check on v_hm_candidate_shortlisted: score 100.0, issues 0',NULL,'2026-05-12 20:17:52'),(31,46,4,'quality_check','Quality check on v_recruiter_candidate_duplicate: score 80.0, issues 1',NULL,'2026-05-12 20:18:07'),(32,47,4,'quality_check','Quality check on v_recruiter_candidate_shortlisted: score 100.0, issues 0',NULL,'2026-05-12 20:18:29'),(33,48,4,'quality_check','Quality check on v_recruiter_candidate_shortlisted_backup: score 80.0, issues 1',NULL,'2026-05-12 20:18:41'),(34,49,4,'quality_check','Quality check on v_recruiter_candidate_shortlisted_bkp2: score 100.0, issues 0',NULL,'2026-05-12 20:19:06'),(35,50,4,'quality_check','Quality check on v_recruiter_candidate_shortlisted_bkp3: score 50.0, issues 10',NULL,'2026-05-12 20:19:17'),(36,51,4,'quality_check','Quality check on v_recruiter_candidate_shortlisted_sb: score 100.0, issues 0',NULL,'2026-05-12 20:19:36'),(37,52,4,'quality_check','Quality check on v_recruiter_job_details: score 100.0, issues 0',NULL,'2026-05-12 20:19:48'),(38,53,4,'quality_check','Quality check on v_recruiter_job_details_backup: score 80.0, issues 1',NULL,'2026-05-12 20:19:59'),(39,54,4,'quality_check','Quality check on v_recruiter_job_search: score 100.0, issues 0',NULL,'2026-05-12 20:20:13');
/*!40000 ALTER TABLE `monitoring_logs` ENABLE KEYS */;
UNLOCK TABLES;

--
-- Table structure for table `monitoring_runs`
--

DROP TABLE IF EXISTS `monitoring_runs`;
/*!40101 SET @saved_cs_client     = @@character_set_client */;
/*!50503 SET character_set_client = utf8mb4 */;
CREATE TABLE `monitoring_runs` (
  `id` int NOT NULL AUTO_INCREMENT,
  `connector_id` int DEFAULT NULL,
  `dataset_id` int DEFAULT NULL,
  `run_type` enum('scan','quality','schema_drift','pii','cloud') COLLATE utf8mb4_unicode_ci NOT NULL,
  `status` enum('running','success','failed') COLLATE utf8mb4_unicode_ci NOT NULL DEFAULT 'running',
  `message` text COLLATE utf8mb4_unicode_ci,
  `metrics_json` text COLLATE utf8mb4_unicode_ci,
  `started_at` datetime NOT NULL DEFAULT CURRENT_TIMESTAMP,
  `finished_at` datetime DEFAULT NULL,
  PRIMARY KEY (`id`),
  KEY `fk_mruns_connector` (`connector_id`),
  KEY `fk_mruns_dataset` (`dataset_id`),
  KEY `idx_mruns_started` (`started_at`),
  KEY `idx_mruns_type` (`run_type`),
  KEY `idx_mruns_status` (`status`),
  CONSTRAINT `fk_mruns_connector` FOREIGN KEY (`connector_id`) REFERENCES `connectors` (`id`) ON DELETE CASCADE,
  CONSTRAINT `fk_mruns_dataset` FOREIGN KEY (`dataset_id`) REFERENCES `datasets` (`id`) ON DELETE CASCADE
) ENGINE=InnoDB AUTO_INCREMENT=43 DEFAULT CHARSET=utf8mb4 COLLATE=utf8mb4_unicode_ci;
/*!40101 SET character_set_client = @saved_cs_client */;

--
-- Dumping data for table `monitoring_runs`
--

LOCK TABLES `monitoring_runs` WRITE;
/*!40000 ALTER TABLE `monitoring_runs` DISABLE KEYS */;
INSERT INTO `monitoring_runs` VALUES (1,3,NULL,'scan','success',NULL,'{\"datasets\": 6, \"drifts\": 0, \"pii_datasets\": 0}','2026-05-12 14:10:12','2026-05-12 14:10:25'),(2,2,NULL,'scan','success',NULL,'{\"datasets\": 9, \"drifts\": 0, \"pii_datasets\": 0}','2026-05-12 14:13:10','2026-05-12 14:13:29'),(3,4,NULL,'scan','success',NULL,'{\"datasets\": 39, \"drifts\": 0, \"pii_datasets\": 17}','2026-05-12 14:14:20','2026-05-12 14:19:32'),(4,4,16,'quality','success','score=90.0','{\"row_count\": 10, \"columns\": [{\"column\": \"Id\", \"null_pct\": \"0.00\", \"min\": 1, \"max\": 10}, {\"column\": \"email\", \"null_pct\": \"0.00\"}, {\"column\": \"UserId\", \"null_pct\": \"80.00\"}, {\"column\": \"IsHiringManager\", \"null_pct\": \"0.00\"}, {\"column\": \"password\", \"null_pct\": \"100.00\"}]}','2026-05-12 20:08:54','2026-05-12 14:38:52'),(5,4,17,'quality','success','score=85.0','{\"row_count\": 9, \"columns\": [{\"column\": \"id\", \"null_pct\": \"0.00\", \"min\": 1, \"max\": 9}, {\"column\": \"candidate_id\", \"null_pct\": \"0.00\", \"min\": 1, \"max\": 7}, {\"column\": \"job_id\", \"null_pct\": \"0.00\", \"min\": 1, \"max\": 7}, {\"column\": \"session_id\", \"null_pct\": \"0.00\"}, {\"column\": \"question_answer\", \"null_pct\": \"0.00\"}, {\"column\": \"created_at\", \"null_pct\": \"0.00\"}, {\"column\": \"status\", \"null_pct\": \"0.00\"}, {\"column\": \"ended_at\", \"null_pct\": \"44.44\"}, {\"column\": \"score\", \"null_pct\": \"44.44\", \"min\": 0.0, \"max\": 55.0}], \"last_update\": \"2026-02-17T16:38:22\"}','2026-05-12 20:09:22','2026-05-12 14:39:21'),(6,4,18,'quality','success','score=95.0','{\"row_count\": 10, \"columns\": [{\"column\": \"id\", \"null_pct\": \"0.00\", \"min\": 1, \"max\": 10}, {\"column\": \"jobId\", \"null_pct\": \"0.00\", \"min\": 3, \"max\": 7}, {\"column\": \"candidateId\", \"null_pct\": \"0.00\", \"min\": 3, \"max\": 3}, {\"column\": \"assessmentId\", \"null_pct\": \"0.00\", \"min\": 1, \"max\": 1}, {\"column\": \"questionNo\", \"null_pct\": \"0.00\", \"min\": 22, \"max\": 70}, {\"column\": \"selectedOption\", \"null_pct\": \"0.00\"}, {\"column\": \"score\", \"null_pct\": \"0.00\", \"min\": \"0.00\", \"max\": \"5.00\"}, {\"column\": \"createdAt\", \"null_pct\": \"0.00\"}, {\"column\": \"updatedAt\", \"null_pct\": \"0.00\"}], \"last_update\": \"2025-11-20T15:57:14\"}','2026-05-12 20:09:43','2026-05-12 14:39:41'),(7,4,19,'quality','success','score=100.0','{\"row_count\": 1, \"columns\": [{\"column\": \"id\", \"null_pct\": \"0.00\", \"min\": 392, \"max\": 392}, {\"column\": \"Username\", \"null_pct\": \"0.00\"}, {\"column\": \"password\", \"null_pct\": \"0.00\"}]}','2026-05-12 20:10:00','2026-05-12 14:39:59'),(8,4,20,'quality','success','score=100.0','{\"row_count\": 8, \"columns\": [{\"column\": \"id\", \"null_pct\": \"0.00\", \"min\": 1, \"max\": 8}, {\"column\": \"title\", \"null_pct\": \"0.00\"}, {\"column\": \"first_name\", \"null_pct\": \"0.00\"}, {\"column\": \"middle_name\", \"null_pct\": \"0.00\"}, {\"column\": \"last_name\", \"null_pct\": \"0.00\"}, {\"column\": \"email\", \"null_pct\": \"0.00\"}, {\"column\": \"contact\", \"null_pct\": \"0.00\"}, {\"column\": \"address\", \"null_pct\": \"0.00\"}, {\"column\": \"latestrole\", \"null_pct\": \"0.00\"}, {\"column\": \"education\", \"null_pct\": \"0.00\"}, {\"column\": \"designation\", \"null_pct\": \"0.00\"}, {\"column\": \"certification\", \"null_pct\": \"0.00\"}, {\"column\": \"skills\", \"null_pct\": \"0.00\"}, {\"column\": \"experience\", \"null_pct\": \"0.00\"}, {\"column\": \"C_GUID\", \"null_pct\": \"0.00\"}, {\"column\": \"ForDemo\", \"null_pct\": \"0.00\"}, {\"column\": \"register_email\", \"null_pct\": \"25.00\"}]}','2026-05-12 20:10:14','2026-05-12 14:40:12'),(9,4,21,'quality','success','score=90.0','{\"row_count\": 71, \"columns\": [{\"column\": \"Id\", \"null_pct\": \"0.00\", \"min\": 1, \"max\": 285}, {\"column\": \"title\", \"null_pct\": \"80.28\"}, {\"column\": \"first_name\", \"null_pct\": \"0.00\"}, {\"column\": \"middle_name\", \"null_pct\": \"85.92\"}, {\"column\": \"last_name\", \"null_pct\": \"0.00\"}, {\"column\": \"email\", \"null_pct\": \"0.00\"}, {\"column\": \"contact\", \"null_pct\": \"0.00\"}, {\"column\": \"address\", \"null_pct\": \"0.00\"}, {\"column\": \"latestrole\", \"null_pct\": \"0.00\"}, {\"column\": \"education\", \"null_pct\": \"0.00\"}, {\"column\": \"designation\", \"null_pct\": \"0.00\"}, {\"column\": \"certification\", \"null_pct\": \"1.41\"}, {\"column\": \"skills\", \"null_pct\": \"0.00\"}, {\"column\": \"experience\", \"null_pct\": \"0.00\"}, {\"column\": \"C_GUID\", \"null_pct\": \"19.72\"}, {\"column\": \"ForDemo\", \"null_pct\": \"0.00\"}]}','2026-05-12 20:10:32','2026-05-12 14:40:30'),(10,4,22,'quality','success','score=90.0','{\"row_count\": 7, \"columns\": [{\"column\": \"id\", \"null_pct\": \"0.00\", \"min\": 1, \"max\": 7}, {\"column\": \"experienceOption\", \"null_pct\": \"0.00\"}, {\"column\": \"createdAt\", \"null_pct\": \"0.00\"}, {\"column\": \"createdBy\", \"null_pct\": \"100.00\"}], \"last_update\": \"2025-10-10T11:21:29\"}','2026-05-12 20:10:53','2026-05-12 14:40:50'),(11,4,23,'quality','success','score=100.0','{\"row_count\": 1, \"columns\": [{\"column\": \"Id\", \"null_pct\": \"0.00\", \"min\": 1, \"max\": 1}, {\"column\": \"RuleName\", \"null_pct\": \"0.00\"}, {\"column\": \"RuleValue\", \"null_pct\": \"0.00\"}]}','2026-05-12 20:11:07','2026-05-12 14:41:06'),(12,4,24,'quality','success','score=80.0','{\"row_count\": 3, \"columns\": [{\"column\": \"id\", \"null_pct\": \"0.00\", \"min\": 1, \"max\": 3}, {\"column\": \"hiringManagerId\", \"null_pct\": \"0.00\"}, {\"column\": \"date\", \"null_pct\": \"0.00\"}, {\"column\": \"timeSlot\", \"null_pct\": \"0.00\"}, {\"column\": \"startTime\", \"null_pct\": \"0.00\"}, {\"column\": \"endTime\", \"null_pct\": \"0.00\"}, {\"column\": \"isBooked\", \"null_pct\": \"0.00\"}, {\"column\": \"candidateId\", \"null_pct\": \"33.33\"}, {\"column\": \"createdOn\", \"null_pct\": \"0.00\"}, {\"column\": \"createdBy\", \"null_pct\": \"0.00\"}, {\"column\": \"updatedOn\", \"null_pct\": \"33.33\"}, {\"column\": \"jobid\", \"null_pct\": \"33.33\", \"min\": 3, \"max\": 7}], \"last_update\": \"2025-11-20T15:48:05\"}','2026-05-12 20:11:19','2026-05-12 14:41:18'),(13,4,25,'quality','success','score=95.0','{\"row_count\": 2, \"columns\": [{\"column\": \"InterviewId\", \"null_pct\": \"0.00\", \"min\": 1, \"max\": 2}, {\"column\": \"JobId\", \"null_pct\": \"0.00\", \"min\": 3, \"max\": 7}, {\"column\": \"CandidateId\", \"null_pct\": \"0.00\", \"min\": 3, \"max\": 3}, {\"column\": \"JoinStatus\", \"null_pct\": \"0.00\"}, {\"column\": \"Feedback\", \"null_pct\": \"0.00\"}, {\"column\": \"SelectionStatus\", \"null_pct\": \"0.00\"}, {\"column\": \"CreatedAt\", \"null_pct\": \"0.00\"}], \"last_update\": \"2025-11-20T15:59:01\"}','2026-05-12 20:11:40','2026-05-12 14:41:39'),(14,4,26,'quality','success','score=100.0','{\"row_count\": 100, \"columns\": [{\"column\": \"id\", \"null_pct\": \"0.00\", \"min\": 1, \"max\": 100}, {\"column\": \"jobId\", \"null_pct\": \"0.00\"}, {\"column\": \"question\", \"null_pct\": \"0.00\"}, {\"column\": \"option1\", \"null_pct\": \"0.00\"}, {\"column\": \"option2\", \"null_pct\": \"0.00\"}, {\"column\": \"option3\", \"null_pct\": \"0.00\"}, {\"column\": \"option4\", \"null_pct\": \"0.00\"}, {\"column\": \"correctOption\", \"null_pct\": \"0.00\"}]}','2026-05-12 20:11:55','2026-05-12 14:41:53'),(15,4,27,'quality','success','score=100.0','{\"row_count\": 10, \"columns\": [{\"column\": \"id\", \"null_pct\": \"0.00\", \"min\": 1, \"max\": 10}, {\"column\": \"j_guid\", \"null_pct\": \"0.00\"}, {\"column\": \"jd\", \"null_pct\": \"0.00\"}, {\"column\": \"experience\", \"null_pct\": \"0.00\"}, {\"column\": \"location\", \"null_pct\": \"0.00\"}, {\"column\": \"role\", \"null_pct\": \"0.00\"}, {\"column\": \"primarySkills\", \"null_pct\": \"0.00\"}, {\"column\": \"secondarySkills\", \"null_pct\": \"0.00\"}, {\"column\": \"businessDependencies\", \"null_pct\": \"0.00\"}, {\"column\": \"hiringManagerId\", \"null_pct\": \"10.00\"}, {\"column\": \"createdBy\", \"null_pct\": \"10.00\"}, {\"column\": \"createdOn\", \"null_pct\": \"0.00\"}]}','2026-05-12 20:12:06','2026-05-12 14:42:05'),(16,4,28,'quality','success','score=90.0','{\"row_count\": 61, \"columns\": [{\"column\": \"Id\", \"null_pct\": \"0.00\", \"min\": 1, \"max\": 61}, {\"column\": \"JobId\", \"null_pct\": \"0.00\", \"min\": 1, \"max\": 10}, {\"column\": \"CandidateId\", \"null_pct\": \"0.00\", \"min\": 1, \"max\": 8}, {\"column\": \"Score\", \"null_pct\": \"91.80\"}, {\"column\": \"LatestStatus\", \"null_pct\": \"0.00\"}, {\"column\": \"created_at\", \"null_pct\": \"0.00\"}, {\"column\": \"updated_at\", \"null_pct\": \"0.00\"}, {\"column\": \"jobmatchscore\", \"null_pct\": \"0.00\", \"min\": 5.0, \"max\": 90.0}], \"last_update\": \"2026-02-19T15:55:14\"}','2026-05-12 20:12:24','2026-05-12 14:42:22'),(17,4,29,'quality','success','score=90.0','{\"row_count\": 24, \"columns\": [{\"column\": \"id\", \"null_pct\": \"0.00\", \"min\": 1, \"max\": 24}, {\"column\": \"jobId\", \"null_pct\": \"0.00\", \"min\": 1, \"max\": 7}, {\"column\": \"candidateId\", \"null_pct\": \"0.00\", \"min\": 2, \"max\": 7}, {\"column\": \"assessmentSqnc\", \"null_pct\": \"0.00\", \"min\": 1, \"max\": 3}, {\"column\": \"assessmentName\", \"null_pct\": \"0.00\"}, {\"column\": \"status\", \"null_pct\": \"0.00\"}, {\"column\": \"score\", \"null_pct\": \"66.67\", \"min\": 0, \"max\": 100}, {\"column\": \"created_at\", \"null_pct\": \"0.00\"}, {\"column\": \"updated_at\", \"null_pct\": \"0.00\"}], \"last_update\": \"2026-02-17T16:37:54\"}','2026-05-12 20:12:41','2026-05-12 14:42:40'),(18,4,30,'quality','success','score=90.0','{\"row_count\": 120, \"columns\": [{\"column\": \"id\", \"null_pct\": \"0.00\", \"min\": 1, \"max\": 120}, {\"column\": \"jobTitle\", \"null_pct\": \"0.00\"}, {\"column\": \"createdAt\", \"null_pct\": \"0.00\"}, {\"column\": \"createdBy\", \"null_pct\": \"100.00\"}], \"last_update\": \"2025-10-16T12:30:00\"}','2026-05-12 20:13:01','2026-05-12 14:42:58'),(19,4,31,'quality','success','score=90.0','{\"row_count\": 41, \"columns\": [{\"column\": \"id\", \"null_pct\": \"0.00\", \"min\": 1, \"max\": 41}, {\"column\": \"locationOption\", \"null_pct\": \"0.00\"}, {\"column\": \"createdAt\", \"null_pct\": \"0.00\"}, {\"column\": \"createdBy\", \"null_pct\": \"100.00\"}], \"last_update\": \"2025-10-10T11:34:13\"}','2026-05-12 20:13:17','2026-05-12 14:43:16'),(20,4,32,'quality','success','score=85.0','{\"row_count\": 3, \"columns\": [{\"column\": \"Id\", \"null_pct\": \"0.00\", \"min\": 1, \"max\": 3}, {\"column\": \"JobId\", \"null_pct\": \"100.00\", \"min\": null, \"max\": null}, {\"column\": \"CandidateId\", \"null_pct\": \"0.00\", \"min\": 3, \"max\": 5}, {\"column\": \"AssessmentId\", \"null_pct\": \"0.00\", \"min\": 1, \"max\": 1}, {\"column\": \"ScheduledTime\", \"null_pct\": \"0.00\"}, {\"column\": \"MeetingLink\", \"null_pct\": \"0.00\"}, {\"column\": \"Panel\", \"null_pct\": \"100.00\"}], \"last_update\": \"2025-11-21T14:00:00\"}','2026-05-12 20:13:41','2026-05-12 14:43:40'),(21,4,33,'quality','success','score=80.0','{\"row_count\": 0, \"columns\": [{\"column\": \"id\", \"null_pct\": 0, \"min\": null, \"max\": null}, {\"column\": \"recruiter_email\", \"null_pct\": 0}, {\"column\": \"job_id\", \"null_pct\": 0, \"min\": null, \"max\": null}, {\"column\": \"c_guid\", \"null_pct\": 0}, {\"column\": \"profile_blob_link\", \"null_pct\": 0}, {\"column\": \"is_processed\", \"null_pct\": 0}]}','2026-05-12 20:14:04','2026-05-12 14:44:03'),(22,4,34,'quality','success','score=100.0','{\"row_count\": 9, \"columns\": [{\"column\": \"id\", \"null_pct\": \"0.00\", \"min\": 21, \"max\": 33}, {\"column\": \"recruiter_email\", \"null_pct\": \"0.00\"}, {\"column\": \"job_id\", \"null_pct\": \"0.00\", \"min\": 178, \"max\": 179}, {\"column\": \"c_guid\", \"null_pct\": \"11.11\"}, {\"column\": \"profile_blob_link\", \"null_pct\": \"0.00\"}, {\"column\": \"is_processed\", \"null_pct\": \"0.00\"}]}','2026-05-12 20:14:26','2026-05-12 14:44:24'),(23,4,35,'quality','success','score=95.0','{\"row_count\": 2, \"columns\": [{\"column\": \"id\", \"null_pct\": \"0.00\", \"min\": 2, \"max\": 3}, {\"column\": \"email\", \"null_pct\": \"0.00\"}, {\"column\": \"otp\", \"null_pct\": \"0.00\"}, {\"column\": \"expiry_time\", \"null_pct\": \"0.00\"}, {\"column\": \"created_at\", \"null_pct\": \"0.00\"}], \"last_update\": \"2025-10-22T16:17:26\"}','2026-05-12 20:14:41','2026-05-12 14:44:38'),(24,4,36,'quality','success','score=90.0','{\"row_count\": 152, \"columns\": [{\"column\": \"id\", \"null_pct\": \"0.00\", \"min\": 1, \"max\": 152}, {\"column\": \"primarySkill\", \"null_pct\": \"0.00\"}, {\"column\": \"createdAt\", \"null_pct\": \"0.00\"}, {\"column\": \"createdBy\", \"null_pct\": \"100.00\"}], \"last_update\": \"2025-10-10T11:26:08\"}','2026-05-12 20:15:02','2026-05-12 14:45:01'),(25,4,37,'quality','success','score=80.0','{\"row_count\": 0, \"columns\": [{\"column\": \"Id\", \"null_pct\": 0, \"min\": null, \"max\": null}, {\"column\": \"JobId\", \"null_pct\": 0, \"min\": null, \"max\": null}, {\"column\": \"CandidateId\", \"null_pct\": 0, \"min\": null, \"max\": null}, {\"column\": \"Rank\", \"null_pct\": 0, \"min\": null, \"max\": null}]}','2026-05-12 20:15:20','2026-05-12 14:45:19'),(26,4,38,'quality','success','score=100.0','{\"row_count\": 9, \"columns\": [{\"column\": \"Id\", \"null_pct\": \"0.00\", \"min\": 11, \"max\": 19}, {\"column\": \"MinVal\", \"null_pct\": \"0.00\"}, {\"column\": \"MaxVal\", \"null_pct\": \"0.00\"}, {\"column\": \"Star\", \"null_pct\": \"0.00\"}]}','2026-05-12 20:15:36','2026-05-12 14:45:34'),(27,4,39,'quality','success','score=100.0','{\"row_count\": 36, \"columns\": [{\"column\": \"MinVal\", \"null_pct\": \"0.00\"}, {\"column\": \"MaxVal\", \"null_pct\": \"0.00\"}, {\"column\": \"Star\", \"null_pct\": \"0.00\"}]}','2026-05-12 20:15:48','2026-05-12 14:45:47'),(28,4,40,'quality','success','score=90.0','{\"row_count\": 25, \"columns\": [{\"column\": \"id\", \"null_pct\": \"0.00\", \"min\": 1, \"max\": 25}, {\"column\": \"roleOption\", \"null_pct\": \"0.00\"}, {\"column\": \"createdAt\", \"null_pct\": \"0.00\"}, {\"column\": \"createdBy\", \"null_pct\": \"100.00\"}], \"last_update\": \"2025-10-10T11:25:51\"}','2026-05-12 20:15:58','2026-05-12 14:45:57'),(29,4,41,'quality','success','score=90.0','{\"row_count\": 100, \"columns\": [{\"column\": \"id\", \"null_pct\": \"0.00\", \"min\": 1, \"max\": 100}, {\"column\": \"secondarySkill\", \"null_pct\": \"0.00\"}, {\"column\": \"createdAt\", \"null_pct\": \"0.00\"}, {\"column\": \"createdBy\", \"null_pct\": \"100.00\"}], \"last_update\": \"2025-10-10T11:26:26\"}','2026-05-12 20:16:23','2026-05-12 14:46:21'),(30,4,42,'quality','success','score=95.0','{\"row_count\": 8, \"columns\": [{\"column\": \"jobId\", \"null_pct\": \"0.00\", \"min\": 1, \"max\": 7}, {\"column\": \"candidateId\", \"null_pct\": \"0.00\", \"min\": 2, \"max\": 7}, {\"column\": \"first_name\", \"null_pct\": \"0.00\"}, {\"column\": \"middle_name\", \"null_pct\": \"0.00\"}, {\"column\": \"last_name\", \"null_pct\": \"0.00\"}, {\"column\": \"experience\", \"null_pct\": \"0.00\"}, {\"column\": \"skills\", \"null_pct\": \"0.00\"}, {\"column\": \"email\", \"null_pct\": \"0.00\"}, {\"column\": \"score\", \"null_pct\": \"37.50\"}, {\"column\": \"latestStatus\", \"null_pct\": \"0.00\"}, {\"column\": \"contact\", \"null_pct\": \"0.00\"}, {\"column\": \"address\", \"null_pct\": \"0.00\"}, {\"column\": \"designation\", \"null_pct\": \"0.00\"}, {\"column\": \"certification\", \"null_pct\": \"0.00\"}]}','2026-05-12 20:16:47','2026-05-12 14:46:46'),(31,4,43,'quality','success','score=95.0','{\"row_count\": 8, \"columns\": [{\"column\": \"applicationId\", \"null_pct\": \"0.00\", \"min\": 1, \"max\": 44}, {\"column\": \"jobId\", \"null_pct\": \"0.00\", \"min\": 1, \"max\": 7}, {\"column\": \"jd\", \"null_pct\": \"0.00\"}, {\"column\": \"role\", \"null_pct\": \"0.00\"}, {\"column\": \"candidateId\", \"null_pct\": \"0.00\", \"min\": 2, \"max\": 7}, {\"column\": \"latestStatus\", \"null_pct\": \"0.00\"}, {\"column\": \"button_value\", \"null_pct\": \"37.50\"}, {\"column\": \"isProcessing\", \"null_pct\": \"0.00\", \"min\": 0, \"max\": 1}]}','2026-05-12 20:17:07','2026-05-12 14:47:05'),(32,4,44,'quality','success','score=60.0','{\"row_count\": 1, \"columns\": [{\"column\": \"jobId\", \"null_pct\": \"100.00\", \"min\": null, \"max\": null}, {\"column\": \"hiringManagerId\", \"null_pct\": \"100.00\"}, {\"column\": \"candidateId\", \"null_pct\": \"100.00\", \"min\": null, \"max\": null}, {\"column\": \"first_name\", \"null_pct\": \"100.00\"}, {\"column\": \"middle_name\", \"null_pct\": \"100.00\"}, {\"column\": \"last_name\", \"null_pct\": \"100.00\"}, {\"column\": \"scheduledTime\", \"null_pct\": \"0.00\"}, {\"column\": \"jobTitle\", \"null_pct\": \"100.00\"}], \"last_update\": \"2025-10-31T05:30:00\"}','2026-05-12 20:17:27','2026-05-12 14:47:25'),(33,4,45,'quality','success','score=100.0','{\"row_count\": 5, \"columns\": [{\"column\": \"jobId\", \"null_pct\": \"0.00\", \"min\": 1, \"max\": 7}, {\"column\": \"candidateId\", \"null_pct\": \"0.00\", \"min\": 2, \"max\": 3}, {\"column\": \"first_name\", \"null_pct\": \"0.00\"}, {\"column\": \"middle_name\", \"null_pct\": \"0.00\"}, {\"column\": \"last_name\", \"null_pct\": \"0.00\"}, {\"column\": \"latestrole\", \"null_pct\": \"0.00\"}, {\"column\": \"education\", \"null_pct\": \"0.00\"}, {\"column\": \"star\", \"null_pct\": \"0.00\"}, {\"column\": \"experience\", \"null_pct\": \"0.00\"}, {\"column\": \"skills\", \"null_pct\": \"0.00\"}, {\"column\": \"latestStatus\", \"null_pct\": \"0.00\"}, {\"column\": \"email\", \"null_pct\": \"0.00\"}, {\"column\": \"J_GUID\", \"null_pct\": \"0.00\"}, {\"column\": \"contact\", \"null_pct\": \"0.00\"}, {\"column\": \"address\", \"null_pct\": \"0.00\"}, {\"column\": \"designation\", \"null_pct\": \"0.00\"}, {\"column\": \"certification\", \"null_pct\": \"0.00\"}]}','2026-05-12 20:17:50','2026-05-12 14:47:49'),(34,4,46,'quality','success','score=80.0','{\"row_count\": 0, \"columns\": [{\"column\": \"job_id\", \"null_pct\": 0, \"min\": null, \"max\": null}, {\"column\": \"recruiter_email\", \"null_pct\": 0}, {\"column\": \"first_name\", \"null_pct\": 0}, {\"column\": \"middle_name\", \"null_pct\": 0}, {\"column\": \"last_name\", \"null_pct\": 0}, {\"column\": \"contact\", \"null_pct\": 0}, {\"column\": \"email\", \"null_pct\": 0}]}','2026-05-12 20:18:06','2026-05-12 14:48:04'),(35,4,47,'quality','success','score=100.0','{\"row_count\": 2, \"columns\": [{\"column\": \"job_id\", \"null_pct\": \"0.00\", \"min\": 3, \"max\": 7}, {\"column\": \"JD\", \"null_pct\": \"0.00\"}, {\"column\": \"HiringManagerId\", \"null_pct\": \"0.00\"}, {\"column\": \"first_name\", \"null_pct\": \"0.00\"}, {\"column\": \"middle_name\", \"null_pct\": \"0.00\"}, {\"column\": \"last_name\", \"null_pct\": \"0.00\"}, {\"column\": \"latestrole\", \"null_pct\": \"0.00\"}, {\"column\": \"education\", \"null_pct\": \"0.00\"}, {\"column\": \"Star\", \"null_pct\": \"0.00\"}, {\"column\": \"experience\", \"null_pct\": \"0.00\"}, {\"column\": \"skills\", \"null_pct\": \"0.00\"}, {\"column\": \"LatestStatus\", \"null_pct\": \"0.00\"}, {\"column\": \"email\", \"null_pct\": \"0.00\"}, {\"column\": \"J_GUID\", \"null_pct\": \"0.00\"}]}','2026-05-12 20:18:28','2026-05-12 14:48:27'),(36,4,48,'quality','success','score=80.0','{\"row_count\": 0, \"columns\": [{\"column\": \"job_id\", \"null_pct\": 0, \"min\": null, \"max\": null}, {\"column\": \"JD\", \"null_pct\": 0}, {\"column\": \"HiringManagerId\", \"null_pct\": 0}, {\"column\": \"first_name\", \"null_pct\": 0}, {\"column\": \"middle_name\", \"null_pct\": 0}, {\"column\": \"last_name\", \"null_pct\": 0}, {\"column\": \"latestrole\", \"null_pct\": 0}, {\"column\": \"education\", \"null_pct\": 0}, {\"column\": \"Star\", \"null_pct\": 0}, {\"column\": \"experience\", \"null_pct\": 0}, {\"column\": \"skills\", \"null_pct\": 0}, {\"column\": \"LatestStatus\", \"null_pct\": 0}, {\"column\": \"email\", \"null_pct\": 0}, {\"column\": \"J_GUID\", \"null_pct\": 0}]}','2026-05-12 20:18:40','2026-05-12 14:48:39'),(37,4,49,'quality','success','score=100.0','{\"row_count\": 2, \"columns\": [{\"column\": \"job_id\", \"null_pct\": \"0.00\", \"min\": 3, \"max\": 7}, {\"column\": \"JD\", \"null_pct\": \"0.00\"}, {\"column\": \"HiringManagerId\", \"null_pct\": \"0.00\"}, {\"column\": \"first_name\", \"null_pct\": \"0.00\"}, {\"column\": \"middle_name\", \"null_pct\": \"0.00\"}, {\"column\": \"last_name\", \"null_pct\": \"0.00\"}, {\"column\": \"latestrole\", \"null_pct\": \"0.00\"}, {\"column\": \"education\", \"null_pct\": \"0.00\"}, {\"column\": \"Star\", \"null_pct\": \"0.00\"}, {\"column\": \"experience\", \"null_pct\": \"0.00\"}, {\"column\": \"skills\", \"null_pct\": \"0.00\"}, {\"column\": \"LatestStatus\", \"null_pct\": \"0.00\"}, {\"column\": \"email\", \"null_pct\": \"0.00\"}, {\"column\": \"J_GUID\", \"null_pct\": \"0.00\"}]}','2026-05-12 20:19:04','2026-05-12 14:49:02'),(38,4,50,'quality','success','score=50.0','{\"row_count\": 3, \"columns\": [{\"column\": \"job_id\", \"null_pct\": \"0.00\", \"min\": 3, \"max\": 271}, {\"column\": \"JD\", \"null_pct\": \"33.33\"}, {\"column\": \"HiringManagerId\", \"null_pct\": \"33.33\"}, {\"column\": \"first_name\", \"null_pct\": \"0.00\"}, {\"column\": \"middle_name\", \"null_pct\": \"33.33\"}, {\"column\": \"last_name\", \"null_pct\": \"0.00\"}, {\"column\": \"latestrole\", \"null_pct\": \"33.33\"}, {\"column\": \"education\", \"null_pct\": \"33.33\"}, {\"column\": \"Star\", \"null_pct\": \"33.33\"}, {\"column\": \"experience\", \"null_pct\": \"33.33\"}, {\"column\": \"skills\", \"null_pct\": \"0.00\"}, {\"column\": \"LatestStatus\", \"null_pct\": \"33.33\"}, {\"column\": \"email\", \"null_pct\": \"33.33\"}, {\"column\": \"J_GUID\", \"null_pct\": \"33.33\"}]}','2026-05-12 20:19:16','2026-05-12 14:49:15'),(39,4,51,'quality','success','score=100.0','{\"row_count\": 2, \"columns\": [{\"column\": \"job_id\", \"null_pct\": \"0.00\", \"min\": 3, \"max\": 7}, {\"column\": \"JD\", \"null_pct\": \"0.00\"}, {\"column\": \"HiringManagerId\", \"null_pct\": \"0.00\"}, {\"column\": \"first_name\", \"null_pct\": \"0.00\"}, {\"column\": \"middle_name\", \"null_pct\": \"0.00\"}, {\"column\": \"last_name\", \"null_pct\": \"0.00\"}, {\"column\": \"latestrole\", \"null_pct\": \"0.00\"}, {\"column\": \"education\", \"null_pct\": \"0.00\"}, {\"column\": \"Star\", \"null_pct\": \"0.00\"}, {\"column\": \"experience\", \"null_pct\": \"0.00\"}, {\"column\": \"skills\", \"null_pct\": \"0.00\"}, {\"column\": \"LatestStatus\", \"null_pct\": \"0.00\"}, {\"column\": \"email\", \"null_pct\": \"0.00\"}, {\"column\": \"J_GUID\", \"null_pct\": \"0.00\"}]}','2026-05-12 20:19:35','2026-05-12 14:49:33'),(40,4,52,'quality','success','score=100.0','{\"row_count\": 9, \"columns\": [{\"column\": \"job_id\", \"null_pct\": \"0.00\", \"min\": 1, \"max\": 9}, {\"column\": \"JD\", \"null_pct\": \"0.00\"}, {\"column\": \"HiringManagerId\", \"null_pct\": \"0.00\"}]}','2026-05-12 20:19:47','2026-05-12 14:49:45'),(41,4,53,'quality','success','score=80.0','{\"row_count\": 0, \"columns\": [{\"column\": \"job_id\", \"null_pct\": 0, \"min\": null, \"max\": null}, {\"column\": \"JD\", \"null_pct\": 0}, {\"column\": \"HiringManagerId\", \"null_pct\": 0}]}','2026-05-12 20:19:58','2026-05-12 14:49:56'),(42,4,54,'quality','success','score=100.0','{\"row_count\": 10, \"columns\": [{\"column\": \"Id\", \"null_pct\": \"0.00\"}, {\"column\": \"HiringManagerId\", \"null_pct\": \"10.00\"}]}','2026-05-12 20:20:12','2026-05-12 14:50:11');
/*!40000 ALTER TABLE `monitoring_runs` ENABLE KEYS */;
UNLOCK TABLES;

--
-- Table structure for table `notifications`
--

DROP TABLE IF EXISTS `notifications`;
/*!40101 SET @saved_cs_client     = @@character_set_client */;
/*!50503 SET character_set_client = utf8mb4 */;
CREATE TABLE `notifications` (
  `id` int NOT NULL AUTO_INCREMENT,
  `user_id` int DEFAULT NULL,
  `alert_id` int DEFAULT NULL,
  `title` varchar(255) COLLATE utf8mb4_unicode_ci NOT NULL,
  `message` text COLLATE utf8mb4_unicode_ci,
  `is_read` tinyint(1) NOT NULL DEFAULT '0',
  `created_at` datetime NOT NULL DEFAULT CURRENT_TIMESTAMP,
  PRIMARY KEY (`id`),
  KEY `fk_notif_alert` (`alert_id`),
  KEY `idx_notif_user_read` (`user_id`,`is_read`),
  KEY `idx_notif_created` (`created_at`),
  CONSTRAINT `fk_notif_alert` FOREIGN KEY (`alert_id`) REFERENCES `alerts` (`id`) ON DELETE SET NULL,
  CONSTRAINT `fk_notif_user` FOREIGN KEY (`user_id`) REFERENCES `users` (`id`) ON DELETE CASCADE
) ENGINE=InnoDB AUTO_INCREMENT=26 DEFAULT CHARSET=utf8mb4 COLLATE=utf8mb4_unicode_ci;
/*!40101 SET character_set_client = @saved_cs_client */;

--
-- Dumping data for table `notifications`
--

LOCK TABLES `notifications` WRITE;
/*!40000 ALTER TABLE `notifications` DISABLE KEYS */;
INSERT INTO `notifications` VALUES (1,1,1,'Quality issues on applicationuser (score 90.0)','Score: 90.0 - Null value check: Column \'UserId\' has 80.0% NULLs; Null value check: Column \'password\' has 100.0% NULLs',0,'2026-05-12 20:09:07'),(2,1,2,'Quality issues on assessment_session_log (score 85.0)','Score: 85.0 - Null value check: Column \'ended_at\' has 44.4% NULLs; Null value check: Column \'score\' has 44.4% NULLs; Data freshness check: Data is 83 days old',0,'2026-05-12 20:09:28'),(3,1,3,'Quality issues on assessmentinfo (score 95.0)','Score: 95.0 - Data freshness check: Data is 172 days old',0,'2026-05-12 20:09:51'),(4,1,4,'Quality issues on candidateprofile_test (score 90.0)','Score: 90.0 - Null value check: Column \'title\' has 80.3% NULLs; Null value check: Column \'middle_name\' has 85.9% NULLs',0,'2026-05-12 20:10:38'),(5,1,5,'Quality issues on experienceoptions (score 90.0)','Score: 90.0 - Null value check: Column \'createdBy\' has 100.0% NULLs; Data freshness check: Data is 214 days old',0,'2026-05-12 20:10:59'),(6,1,6,'Quality issues on hiringmanagerselectedslots (score 80.0)','Score: 80.0 - Null value check: Column \'candidateId\' has 33.3% NULLs; Null value check: Column \'updatedOn\' has 33.3% NULLs; Null value check: Column \'jobid\' has 33.3% NULLs; Data freshness check: Data is 172 days old',0,'2026-05-12 20:11:29'),(7,1,7,'Quality issues on interviewinfo (score 95.0)','Score: 95.0 - Data freshness check: Data is 172 days old',0,'2026-05-12 20:11:45'),(8,1,8,'Quality issues on jobapplication (score 90.0)','Score: 90.0 - Null value check: Column \'Score\' has 91.8% NULLs; Data freshness check: Data is 81 days old',0,'2026-05-12 20:12:31'),(9,1,9,'Quality issues on jobassessments (score 90.0)','Score: 90.0 - Null value check: Column \'score\' has 66.7% NULLs; Data freshness check: Data is 83 days old',0,'2026-05-12 20:12:50'),(10,1,10,'Quality issues on jobtitles (score 90.0)','Score: 90.0 - Null value check: Column \'createdBy\' has 100.0% NULLs; Data freshness check: Data is 208 days old',0,'2026-05-12 20:13:09'),(11,1,11,'Quality issues on locationoptions (score 90.0)','Score: 90.0 - Null value check: Column \'createdBy\' has 100.0% NULLs; Data freshness check: Data is 214 days old',0,'2026-05-12 20:13:28'),(12,1,12,'Quality issues on meetings (score 85.0)','Score: 85.0 - Null value check: Column \'JobId\' has 100.0% NULLs; Null value check: Column \'Panel\' has 100.0% NULLs; Data freshness check: Data is 172 days old',0,'2026-05-12 20:13:48'),(13,1,13,'Quality issues on newcandidate (score 80.0)','Score: 80.0 - Row count validation: Empty table',0,'2026-05-12 20:14:10'),(14,1,14,'Quality issues on otp_verification (score 95.0)','Score: 95.0 - Data freshness check: Data is 201 days old',0,'2026-05-12 20:14:46'),(15,1,15,'Quality issues on primaryskills (score 90.0)','Score: 90.0 - Null value check: Column \'createdBy\' has 100.0% NULLs; Data freshness check: Data is 214 days old',0,'2026-05-12 20:15:09'),(16,1,16,'Quality issues on profileranking (score 80.0)','Score: 80.0 - Row count validation: Empty table',0,'2026-05-12 20:15:25'),(17,1,17,'Quality issues on roleoptions (score 90.0)','Score: 90.0 - Null value check: Column \'createdBy\' has 100.0% NULLs; Data freshness check: Data is 214 days old',0,'2026-05-12 20:16:05'),(18,1,18,'Quality issues on secondaryskills (score 90.0)','Score: 90.0 - Null value check: Column \'createdBy\' has 100.0% NULLs; Data freshness check: Data is 214 days old',0,'2026-05-12 20:16:29'),(19,1,19,'Quality issues on v_hm_candidate_applied (score 95.0)','Score: 95.0 - Null value check: Column \'score\' has 37.5% NULLs',0,'2026-05-12 20:16:55'),(20,1,20,'Quality issues on v_hm_candidate_job_mapping (score 95.0)','Score: 95.0 - Null value check: Column \'button_value\' has 37.5% NULLs',0,'2026-05-12 20:17:13'),(21,1,21,'Quality issues on v_hm_candidate_meeting (score 60.0)','Score: 60.0 - Null value check: Column \'jobId\' has 100.0% NULLs; Null value check: Column \'hiringManagerId\' has 100.0% NULLs; Null value check: Column \'candidateId\' has 100.0% NULLs; Null value check: Column \'first_name\' has 100.0% NULLs; Null value check: Column \'middle_name\' has 100.0% NULLs; Null value check: Column \'last_name\' has 100.0% NULLs; Null value check: Column \'jobTitle\' has 100.0% NULLs; Data freshness check: Data is 193 days old',0,'2026-05-12 20:17:34'),(22,1,22,'Quality issues on v_recruiter_candidate_duplicate (score 80.0)','Score: 80.0 - Row count validation: Empty table',0,'2026-05-12 20:18:13'),(23,1,23,'Quality issues on v_recruiter_candidate_shortlisted_backup (score 80.0)','Score: 80.0 - Row count validation: Empty table',0,'2026-05-12 20:18:47'),(24,1,24,'Quality issues on v_recruiter_candidate_shortlisted_bkp3 (score 50.0)','Score: 50.0 - Null value check: Column \'JD\' has 33.3% NULLs; Null value check: Column \'HiringManagerId\' has 33.3% NULLs; Null value check: Column \'middle_name\' has 33.3% NULLs; Null value check: Column \'latestrole\' has 33.3% NULLs; Null value check: Column \'education\' has 33.3% NULLs; Null value check: Column \'Star\' has 33.3% NULLs; Null value check: Column \'experience\' has 33.3% NULLs; Null value check: Column \'LatestStatus\' has 33.3% NULLs; Null value check: Column \'email\' has 33.3% NULLs; Nul',0,'2026-05-12 20:19:24'),(25,1,25,'Quality issues on v_recruiter_job_details_backup (score 80.0)','Score: 80.0 - Row count validation: Empty table',0,'2026-05-12 20:20:04');
/*!40000 ALTER TABLE `notifications` ENABLE KEYS */;
UNLOCK TABLES;

--
-- Table structure for table `rule_books`
--

DROP TABLE IF EXISTS `rule_books`;
/*!40101 SET @saved_cs_client     = @@character_set_client */;
/*!50503 SET character_set_client = utf8mb4 */;
CREATE TABLE `rule_books` (
  `id` int NOT NULL AUTO_INCREMENT,
  `name` varchar(200) COLLATE utf8mb4_unicode_ci NOT NULL,
  `description` text COLLATE utf8mb4_unicode_ci,
  `filename` varchar(255) COLLATE utf8mb4_unicode_ci DEFAULT NULL,
  `file_path` text COLLATE utf8mb4_unicode_ci,
  `connector_type` varchar(100) COLLATE utf8mb4_unicode_ci DEFAULT NULL,
  `created_by` int DEFAULT NULL,
  `created_at` datetime NOT NULL DEFAULT CURRENT_TIMESTAMP,
  `updated_at` datetime NOT NULL DEFAULT CURRENT_TIMESTAMP ON UPDATE CURRENT_TIMESTAMP,
  PRIMARY KEY (`id`),
  KEY `fk_rule_book_creator` (`created_by`),
  KEY `idx_rule_book_name` (`name`),
  CONSTRAINT `fk_rule_book_creator` FOREIGN KEY (`created_by`) REFERENCES `users` (`id`) ON DELETE SET NULL
) ENGINE=InnoDB AUTO_INCREMENT=4 DEFAULT CHARSET=utf8mb4 COLLATE=utf8mb4_unicode_ci;
/*!40101 SET character_set_client = @saved_cs_client */;

--
-- Dumping data for table `rule_books`
--

LOCK TABLES `rule_books` WRITE;
/*!40000 ALTER TABLE `rule_books` DISABLE KEYS */;
/*!40000 ALTER TABLE `rule_books` ENABLE KEYS */;
UNLOCK TABLES;

--
-- Table structure for table `schema_history`
--

DROP TABLE IF EXISTS `schema_history`;
/*!40101 SET @saved_cs_client     = @@character_set_client */;
/*!50503 SET character_set_client = utf8mb4 */;
CREATE TABLE `schema_history` (
  `id` int NOT NULL AUTO_INCREMENT,
  `dataset_id` int NOT NULL,
  `snapshot_json` text COLLATE utf8mb4_unicode_ci NOT NULL,
  `captured_at` datetime NOT NULL DEFAULT CURRENT_TIMESTAMP,
  PRIMARY KEY (`id`),
  KEY `idx_schist_dataset_time` (`dataset_id`,`captured_at`),
  CONSTRAINT `fk_schist_dataset` FOREIGN KEY (`dataset_id`) REFERENCES `datasets` (`id`) ON DELETE CASCADE
) ENGINE=InnoDB AUTO_INCREMENT=40 DEFAULT CHARSET=utf8mb4 COLLATE=utf8mb4_unicode_ci;
/*!40101 SET character_set_client = @saved_cs_client */;

--
-- Dumping data for table `schema_history`
--

LOCK TABLES `schema_history` WRITE;
/*!40000 ALTER TABLE `schema_history` DISABLE KEYS */;
INSERT INTO `schema_history` VALUES (1,16,'[{\"name\": \"Id\", \"type\": \"int\", \"nullable\": false}, {\"name\": \"email\", \"type\": \"varchar\", \"nullable\": true}, {\"name\": \"UserId\", \"type\": \"varchar\", \"nullable\": true}, {\"name\": \"IsHiringManager\", \"type\": \"enum\", \"nullable\": false}, {\"name\": \"password\", \"type\": \"varchar\", \"nullable\": true}]','2026-05-12 19:44:31'),(2,17,'[{\"name\": \"id\", \"type\": \"int\", \"nullable\": false}, {\"name\": \"candidate_id\", \"type\": \"int\", \"nullable\": false}, {\"name\": \"job_id\", \"type\": \"int\", \"nullable\": false}, {\"name\": \"session_id\", \"type\": \"varchar\", \"nullable\": false}, {\"name\": \"question_answer\", \"type\": \"json\", \"nullable\": false}, {\"name\": \"created_at\", \"type\": \"timestamp\", \"nullable\": true}, {\"name\": \"status\", \"type\": \"varchar\", \"nullable\": true}, {\"name\": \"ended_at\", \"type\": \"datetime\", \"nullable\": true}, {\"name\": \"score\", \"type\": \"float\", \"nullable\": true}]','2026-05-12 19:44:39'),(3,18,'[{\"name\": \"id\", \"type\": \"int\", \"nullable\": false}, {\"name\": \"jobId\", \"type\": \"int\", \"nullable\": false}, {\"name\": \"candidateId\", \"type\": \"int\", \"nullable\": false}, {\"name\": \"assessmentId\", \"type\": \"int\", \"nullable\": false}, {\"name\": \"questionNo\", \"type\": \"int\", \"nullable\": false}, {\"name\": \"selectedOption\", \"type\": \"varchar\", \"nullable\": true}, {\"name\": \"score\", \"type\": \"decimal\", \"nullable\": true}, {\"name\": \"createdAt\", \"type\": \"datetime\", \"nullable\": true}, {\"name\": \"updatedAt\", \"type\": \"datetime\", \"nullable\": true}]','2026-05-12 19:44:47'),(4,19,'[{\"name\": \"id\", \"type\": \"int\", \"nullable\": false}, {\"name\": \"Username\", \"type\": \"varchar\", \"nullable\": true}, {\"name\": \"password\", \"type\": \"varchar\", \"nullable\": true}]','2026-05-12 19:44:52'),(5,20,'[{\"name\": \"id\", \"type\": \"int\", \"nullable\": false}, {\"name\": \"title\", \"type\": \"text\", \"nullable\": true}, {\"name\": \"first_name\", \"type\": \"text\", \"nullable\": true}, {\"name\": \"middle_name\", \"type\": \"text\", \"nullable\": true}, {\"name\": \"last_name\", \"type\": \"text\", \"nullable\": true}, {\"name\": \"email\", \"type\": \"text\", \"nullable\": true}, {\"name\": \"contact\", \"type\": \"text\", \"nullable\": true}, {\"name\": \"address\", \"type\": \"text\", \"nullable\": true}, {\"name\": \"latestrole\", \"type\": \"text\", \"nullable\": true}, {\"name\": \"education\", \"type\": \"text\", \"nullable\": true}, {\"name\": \"designation\", \"type\": \"text\", \"nullable\": true}, {\"name\": \"certification\", \"type\": \"text\", \"nullable\": true}, {\"name\": \"skills\", \"type\": \"text\", \"nullable\": true}, {\"name\": \"experience\", \"type\": \"text\", \"nullable\": true}, {\"name\": \"C_GUID\", \"type\": \"text\", \"nullable\": true}, {\"name\": \"ForDemo\", \"type\": \"char\", \"nullable\": true}, {\"name\": \"register_email\", \"type\": \"varchar\", \"nullable\": true}]','2026-05-12 19:45:06'),(6,21,'[{\"name\": \"Id\", \"type\": \"int\", \"nullable\": true}, {\"name\": \"title\", \"type\": \"text\", \"nullable\": true}, {\"name\": \"first_name\", \"type\": \"text\", \"nullable\": true}, {\"name\": \"middle_name\", \"type\": \"text\", \"nullable\": true}, {\"name\": \"last_name\", \"type\": \"text\", \"nullable\": true}, {\"name\": \"email\", \"type\": \"text\", \"nullable\": true}, {\"name\": \"contact\", \"type\": \"text\", \"nullable\": true}, {\"name\": \"address\", \"type\": \"text\", \"nullable\": true}, {\"name\": \"latestrole\", \"type\": \"text\", \"nullable\": true}, {\"name\": \"education\", \"type\": \"text\", \"nullable\": true}, {\"name\": \"designation\", \"type\": \"text\", \"nullable\": true}, {\"name\": \"certification\", \"type\": \"text\", \"nullable\": true}, {\"name\": \"skills\", \"type\": \"text\", \"nullable\": true}, {\"name\": \"experience\", \"type\": \"text\", \"nullable\": true}, {\"name\": \"C_GUID\", \"type\": \"text\", \"nullable\": true}, {\"name\": \"ForDemo\", \"type\": \"char\", \"nullable\": true}]','2026-05-12 19:45:19'),(7,22,'[{\"name\": \"id\", \"type\": \"int\", \"nullable\": false}, {\"name\": \"experienceOption\", \"type\": \"varchar\", \"nullable\": false}, {\"name\": \"createdAt\", \"type\": \"datetime\", \"nullable\": true}, {\"name\": \"createdBy\", \"type\": \"varchar\", \"nullable\": true}]','2026-05-12 19:45:24'),(8,23,'[{\"name\": \"Id\", \"type\": \"int\", \"nullable\": false}, {\"name\": \"RuleName\", \"type\": \"text\", \"nullable\": true}, {\"name\": \"RuleValue\", \"type\": \"text\", \"nullable\": true}]','2026-05-12 19:45:29'),(9,24,'[{\"name\": \"id\", \"type\": \"int\", \"nullable\": false}, {\"name\": \"hiringManagerId\", \"type\": \"varchar\", \"nullable\": false}, {\"name\": \"date\", \"type\": \"date\", \"nullable\": false}, {\"name\": \"timeSlot\", \"type\": \"varchar\", \"nullable\": false}, {\"name\": \"startTime\", \"type\": \"time\", \"nullable\": false}, {\"name\": \"endTime\", \"type\": \"time\", \"nullable\": false}, {\"name\": \"isBooked\", \"type\": \"tinyint\", \"nullable\": true}, {\"name\": \"candidateId\", \"type\": \"varchar\", \"nullable\": true}, {\"name\": \"createdOn\", \"type\": \"timestamp\", \"nullable\": true}, {\"name\": \"createdBy\", \"type\": \"varchar\", \"nullable\": true}, {\"name\": \"updatedOn\", \"type\": \"timestamp\", \"nullable\": true}, {\"name\": \"jobid\", \"type\": \"int\", \"nullable\": true}]','2026-05-12 19:45:40'),(10,25,'[{\"name\": \"InterviewId\", \"type\": \"int\", \"nullable\": false}, {\"name\": \"JobId\", \"type\": \"int\", \"nullable\": true}, {\"name\": \"CandidateId\", \"type\": \"int\", \"nullable\": true}, {\"name\": \"JoinStatus\", \"type\": \"varchar\", \"nullable\": true}, {\"name\": \"Feedback\", \"type\": \"varchar\", \"nullable\": true}, {\"name\": \"SelectionStatus\", \"type\": \"varchar\", \"nullable\": true}, {\"name\": \"CreatedAt\", \"type\": \"timestamp\", \"nullable\": true}]','2026-05-12 19:45:47'),(11,26,'[{\"name\": \"id\", \"type\": \"int\", \"nullable\": false}, {\"name\": \"jobId\", \"type\": \"text\", \"nullable\": true}, {\"name\": \"question\", \"type\": \"text\", \"nullable\": true}, {\"name\": \"option1\", \"type\": \"text\", \"nullable\": true}, {\"name\": \"option2\", \"type\": \"text\", \"nullable\": true}, {\"name\": \"option3\", \"type\": \"text\", \"nullable\": true}, {\"name\": \"option4\", \"type\": \"text\", \"nullable\": true}, {\"name\": \"correctOption\", \"type\": \"text\", \"nullable\": true}]','2026-05-12 19:45:54'),(12,27,'[{\"name\": \"id\", \"type\": \"int\", \"nullable\": false}, {\"name\": \"j_guid\", \"type\": \"text\", \"nullable\": true}, {\"name\": \"jd\", \"type\": \"text\", \"nullable\": true}, {\"name\": \"experience\", \"type\": \"text\", \"nullable\": true}, {\"name\": \"location\", \"type\": \"text\", \"nullable\": true}, {\"name\": \"role\", \"type\": \"text\", \"nullable\": true}, {\"name\": \"primarySkills\", \"type\": \"text\", \"nullable\": true}, {\"name\": \"secondarySkills\", \"type\": \"text\", \"nullable\": true}, {\"name\": \"businessDependencies\", \"type\": \"text\", \"nullable\": true}, {\"name\": \"hiringManagerId\", \"type\": \"varchar\", \"nullable\": true}, {\"name\": \"createdBy\", \"type\": \"varchar\", \"nullable\": true}, {\"name\": \"createdOn\", \"type\": \"date\", \"nullable\": true}]','2026-05-12 19:46:05'),(13,28,'[{\"name\": \"Id\", \"type\": \"int\", \"nullable\": false}, {\"name\": \"JobId\", \"type\": \"int\", \"nullable\": true}, {\"name\": \"CandidateId\", \"type\": \"int\", \"nullable\": true}, {\"name\": \"Score\", \"type\": \"text\", \"nullable\": true}, {\"name\": \"LatestStatus\", \"type\": \"text\", \"nullable\": true}, {\"name\": \"created_at\", \"type\": \"datetime\", \"nullable\": true}, {\"name\": \"updated_at\", \"type\": \"datetime\", \"nullable\": true}, {\"name\": \"jobmatchscore\", \"type\": \"float\", \"nullable\": true}]','2026-05-12 19:46:13'),(14,29,'[{\"name\": \"id\", \"type\": \"int\", \"nullable\": false}, {\"name\": \"jobId\", \"type\": \"int\", \"nullable\": true}, {\"name\": \"candidateId\", \"type\": \"int\", \"nullable\": true}, {\"name\": \"assessmentSqnc\", \"type\": \"int\", \"nullable\": true}, {\"name\": \"assessmentName\", \"type\": \"text\", \"nullable\": true}, {\"name\": \"status\", \"type\": \"text\", \"nullable\": true}, {\"name\": \"score\", \"type\": \"int\", \"nullable\": true}, {\"name\": \"created_at\", \"type\": \"datetime\", \"nullable\": true}, {\"name\": \"updated_at\", \"type\": \"datetime\", \"nullable\": true}]','2026-05-12 19:46:21'),(15,30,'[{\"name\": \"id\", \"type\": \"int\", \"nullable\": false}, {\"name\": \"jobTitle\", \"type\": \"varchar\", \"nullable\": false}, {\"name\": \"createdAt\", \"type\": \"datetime\", \"nullable\": true}, {\"name\": \"createdBy\", \"type\": \"varchar\", \"nullable\": true}]','2026-05-12 19:46:27'),(16,31,'[{\"name\": \"id\", \"type\": \"int\", \"nullable\": false}, {\"name\": \"locationOption\", \"type\": \"varchar\", \"nullable\": false}, {\"name\": \"createdAt\", \"type\": \"datetime\", \"nullable\": true}, {\"name\": \"createdBy\", \"type\": \"varchar\", \"nullable\": true}]','2026-05-12 19:46:32'),(17,32,'[{\"name\": \"Id\", \"type\": \"int\", \"nullable\": false}, {\"name\": \"JobId\", \"type\": \"int\", \"nullable\": true}, {\"name\": \"CandidateId\", \"type\": \"int\", \"nullable\": true}, {\"name\": \"AssessmentId\", \"type\": \"int\", \"nullable\": true}, {\"name\": \"ScheduledTime\", \"type\": \"datetime\", \"nullable\": true}, {\"name\": \"MeetingLink\", \"type\": \"text\", \"nullable\": true}, {\"name\": \"Panel\", \"type\": \"text\", \"nullable\": true}]','2026-05-12 19:46:40'),(18,33,'[{\"name\": \"id\", \"type\": \"int\", \"nullable\": false}, {\"name\": \"recruiter_email\", \"type\": \"text\", \"nullable\": true}, {\"name\": \"job_id\", \"type\": \"int\", \"nullable\": true}, {\"name\": \"c_guid\", \"type\": \"text\", \"nullable\": true}, {\"name\": \"profile_blob_link\", \"type\": \"text\", \"nullable\": true}, {\"name\": \"is_processed\", \"type\": \"char\", \"nullable\": true}]','2026-05-12 19:46:47'),(19,34,'[{\"name\": \"id\", \"type\": \"int\", \"nullable\": false}, {\"name\": \"recruiter_email\", \"type\": \"text\", \"nullable\": true}, {\"name\": \"job_id\", \"type\": \"int\", \"nullable\": true}, {\"name\": \"c_guid\", \"type\": \"text\", \"nullable\": true}, {\"name\": \"profile_blob_link\", \"type\": \"text\", \"nullable\": true}, {\"name\": \"is_processed\", \"type\": \"char\", \"nullable\": true}]','2026-05-12 19:46:54'),(20,35,'[{\"name\": \"id\", \"type\": \"int\", \"nullable\": false}, {\"name\": \"email\", \"type\": \"varchar\", \"nullable\": false}, {\"name\": \"otp\", \"type\": \"varchar\", \"nullable\": false}, {\"name\": \"expiry_time\", \"type\": \"datetime\", \"nullable\": false}, {\"name\": \"created_at\", \"type\": \"datetime\", \"nullable\": true}]','2026-05-12 19:47:01'),(21,36,'[{\"name\": \"id\", \"type\": \"int\", \"nullable\": false}, {\"name\": \"primarySkill\", \"type\": \"varchar\", \"nullable\": false}, {\"name\": \"createdAt\", \"type\": \"datetime\", \"nullable\": true}, {\"name\": \"createdBy\", \"type\": \"varchar\", \"nullable\": true}]','2026-05-12 19:47:06'),(22,37,'[{\"name\": \"Id\", \"type\": \"int\", \"nullable\": false}, {\"name\": \"JobId\", \"type\": \"int\", \"nullable\": true}, {\"name\": \"CandidateId\", \"type\": \"int\", \"nullable\": true}, {\"name\": \"Rank\", \"type\": \"int\", \"nullable\": true}]','2026-05-12 19:47:11'),(23,38,'[{\"name\": \"Id\", \"type\": \"int\", \"nullable\": false}, {\"name\": \"MinVal\", \"type\": \"text\", \"nullable\": true}, {\"name\": \"MaxVal\", \"type\": \"text\", \"nullable\": true}, {\"name\": \"Star\", \"type\": \"text\", \"nullable\": true}]','2026-05-12 19:47:17'),(24,39,'[{\"name\": \"MinVal\", \"type\": \"text\", \"nullable\": true}, {\"name\": \"MaxVal\", \"type\": \"text\", \"nullable\": true}, {\"name\": \"Star\", \"type\": \"text\", \"nullable\": true}]','2026-05-12 19:47:22'),(25,40,'[{\"name\": \"id\", \"type\": \"int\", \"nullable\": false}, {\"name\": \"roleOption\", \"type\": \"varchar\", \"nullable\": false}, {\"name\": \"createdAt\", \"type\": \"datetime\", \"nullable\": true}, {\"name\": \"createdBy\", \"type\": \"varchar\", \"nullable\": true}]','2026-05-12 19:47:27'),(26,41,'[{\"name\": \"id\", \"type\": \"int\", \"nullable\": false}, {\"name\": \"secondarySkill\", \"type\": \"varchar\", \"nullable\": false}, {\"name\": \"createdAt\", \"type\": \"datetime\", \"nullable\": true}, {\"name\": \"createdBy\", \"type\": \"varchar\", \"nullable\": true}]','2026-05-12 19:47:32'),(27,42,'[{\"name\": \"jobId\", \"type\": \"int\", \"nullable\": true}, {\"name\": \"candidateId\", \"type\": \"int\", \"nullable\": true}, {\"name\": \"first_name\", \"type\": \"text\", \"nullable\": true}, {\"name\": \"middle_name\", \"type\": \"text\", \"nullable\": true}, {\"name\": \"last_name\", \"type\": \"text\", \"nullable\": true}, {\"name\": \"experience\", \"type\": \"text\", \"nullable\": true}, {\"name\": \"skills\", \"type\": \"text\", \"nullable\": true}, {\"name\": \"email\", \"type\": \"text\", \"nullable\": true}, {\"name\": \"score\", \"type\": \"text\", \"nullable\": true}, {\"name\": \"latestStatus\", \"type\": \"text\", \"nullable\": true}, {\"name\": \"contact\", \"type\": \"text\", \"nullable\": true}, {\"name\": \"address\", \"type\": \"text\", \"nullable\": true}, {\"name\": \"designation\", \"type\": \"text\", \"nullable\": true}, {\"name\": \"certification\", \"type\": \"text\", \"nullable\": true}]','2026-05-12 19:47:44'),(28,43,'[{\"name\": \"applicationId\", \"type\": \"int\", \"nullable\": true}, {\"name\": \"jobId\", \"type\": \"int\", \"nullable\": true}, {\"name\": \"jd\", \"type\": \"text\", \"nullable\": true}, {\"name\": \"role\", \"type\": \"text\", \"nullable\": true}, {\"name\": \"candidateId\", \"type\": \"int\", \"nullable\": true}, {\"name\": \"latestStatus\", \"type\": \"mediumtext\", \"nullable\": true}, {\"name\": \"button_value\", \"type\": \"varchar\", \"nullable\": true}, {\"name\": \"isProcessing\", \"type\": \"int\", \"nullable\": false}]','2026-05-12 19:47:51'),(29,44,'[{\"name\": \"jobId\", \"type\": \"int\", \"nullable\": true}, {\"name\": \"hiringManagerId\", \"type\": \"varchar\", \"nullable\": true}, {\"name\": \"candidateId\", \"type\": \"int\", \"nullable\": true}, {\"name\": \"first_name\", \"type\": \"text\", \"nullable\": true}, {\"name\": \"middle_name\", \"type\": \"text\", \"nullable\": true}, {\"name\": \"last_name\", \"type\": \"text\", \"nullable\": true}, {\"name\": \"scheduledTime\", \"type\": \"datetime\", \"nullable\": true}, {\"name\": \"jobTitle\", \"type\": \"text\", \"nullable\": true}]','2026-05-12 19:48:00'),(30,45,'[{\"name\": \"jobId\", \"type\": \"int\", \"nullable\": true}, {\"name\": \"candidateId\", \"type\": \"int\", \"nullable\": true}, {\"name\": \"first_name\", \"type\": \"text\", \"nullable\": true}, {\"name\": \"middle_name\", \"type\": \"text\", \"nullable\": true}, {\"name\": \"last_name\", \"type\": \"text\", \"nullable\": true}, {\"name\": \"latestrole\", \"type\": \"text\", \"nullable\": true}, {\"name\": \"education\", \"type\": \"text\", \"nullable\": true}, {\"name\": \"star\", \"type\": \"text\", \"nullable\": true}, {\"name\": \"experience\", \"type\": \"text\", \"nullable\": true}, {\"name\": \"skills\", \"type\": \"text\", \"nullable\": true}, {\"name\": \"latestStatus\", \"type\": \"text\", \"nullable\": true}, {\"name\": \"email\", \"type\": \"text\", \"nullable\": true}, {\"name\": \"J_GUID\", \"type\": \"text\", \"nullable\": true}, {\"name\": \"contact\", \"type\": \"text\", \"nullable\": true}, {\"name\": \"address\", \"type\": \"text\", \"nullable\": true}, {\"name\": \"designation\", \"type\": \"text\", \"nullable\": true}, {\"name\": \"certification\", \"type\": \"text\", \"nullable\": true}]','2026-05-12 19:48:14'),(31,46,'[{\"name\": \"job_id\", \"type\": \"int\", \"nullable\": true}, {\"name\": \"recruiter_email\", \"type\": \"text\", \"nullable\": true}, {\"name\": \"first_name\", \"type\": \"text\", \"nullable\": true}, {\"name\": \"middle_name\", \"type\": \"text\", \"nullable\": true}, {\"name\": \"last_name\", \"type\": \"text\", \"nullable\": true}, {\"name\": \"contact\", \"type\": \"text\", \"nullable\": true}, {\"name\": \"email\", \"type\": \"text\", \"nullable\": true}]','2026-05-12 19:48:21'),(32,47,'[{\"name\": \"job_id\", \"type\": \"int\", \"nullable\": true}, {\"name\": \"JD\", \"type\": \"mediumtext\", \"nullable\": true}, {\"name\": \"HiringManagerId\", \"type\": \"varchar\", \"nullable\": true}, {\"name\": \"first_name\", \"type\": \"mediumtext\", \"nullable\": true}, {\"name\": \"middle_name\", \"type\": \"mediumtext\", \"nullable\": true}, {\"name\": \"last_name\", \"type\": \"mediumtext\", \"nullable\": true}, {\"name\": \"latestrole\", \"type\": \"mediumtext\", \"nullable\": true}, {\"name\": \"education\", \"type\": \"mediumtext\", \"nullable\": true}, {\"name\": \"Star\", \"type\": \"mediumtext\", \"nullable\": true}, {\"name\": \"experience\", \"type\": \"mediumtext\", \"nullable\": true}, {\"name\": \"skills\", \"type\": \"mediumtext\", \"nullable\": true}, {\"name\": \"LatestStatus\", \"type\": \"mediumtext\", \"nullable\": true}, {\"name\": \"email\", \"type\": \"mediumtext\", \"nullable\": true}, {\"name\": \"J_GUID\", \"type\": \"mediumtext\", \"nullable\": true}]','2026-05-12 19:48:33'),(33,48,'[{\"name\": \"job_id\", \"type\": \"int\", \"nullable\": true}, {\"name\": \"JD\", \"type\": \"text\", \"nullable\": true}, {\"name\": \"HiringManagerId\", \"type\": \"varchar\", \"nullable\": true}, {\"name\": \"first_name\", \"type\": \"text\", \"nullable\": true}, {\"name\": \"middle_name\", \"type\": \"text\", \"nullable\": true}, {\"name\": \"last_name\", \"type\": \"text\", \"nullable\": true}, {\"name\": \"latestrole\", \"type\": \"text\", \"nullable\": true}, {\"name\": \"education\", \"type\": \"text\", \"nullable\": true}, {\"name\": \"Star\", \"type\": \"text\", \"nullable\": true}, {\"name\": \"experience\", \"type\": \"text\", \"nullable\": true}, {\"name\": \"skills\", \"type\": \"text\", \"nullable\": true}, {\"name\": \"LatestStatus\", \"type\": \"text\", \"nullable\": true}, {\"name\": \"email\", \"type\": \"text\", \"nullable\": true}, {\"name\": \"J_GUID\", \"type\": \"text\", \"nullable\": true}]','2026-05-12 19:48:44'),(34,49,'[{\"name\": \"job_id\", \"type\": \"int\", \"nullable\": true}, {\"name\": \"JD\", \"type\": \"text\", \"nullable\": true}, {\"name\": \"HiringManagerId\", \"type\": \"varchar\", \"nullable\": true}, {\"name\": \"first_name\", \"type\": \"text\", \"nullable\": true}, {\"name\": \"middle_name\", \"type\": \"text\", \"nullable\": true}, {\"name\": \"last_name\", \"type\": \"text\", \"nullable\": true}, {\"name\": \"latestrole\", \"type\": \"text\", \"nullable\": true}, {\"name\": \"education\", \"type\": \"text\", \"nullable\": true}, {\"name\": \"Star\", \"type\": \"text\", \"nullable\": true}, {\"name\": \"experience\", \"type\": \"text\", \"nullable\": true}, {\"name\": \"skills\", \"type\": \"text\", \"nullable\": true}, {\"name\": \"LatestStatus\", \"type\": \"text\", \"nullable\": true}, {\"name\": \"email\", \"type\": \"text\", \"nullable\": true}, {\"name\": \"J_GUID\", \"type\": \"text\", \"nullable\": true}]','2026-05-12 19:48:56'),(35,50,'[{\"name\": \"job_id\", \"type\": \"bigint\", \"nullable\": true}, {\"name\": \"JD\", \"type\": \"mediumtext\", \"nullable\": true}, {\"name\": \"HiringManagerId\", \"type\": \"varchar\", \"nullable\": true}, {\"name\": \"first_name\", \"type\": \"mediumtext\", \"nullable\": true}, {\"name\": \"middle_name\", \"type\": \"mediumtext\", \"nullable\": true}, {\"name\": \"last_name\", \"type\": \"mediumtext\", \"nullable\": true}, {\"name\": \"latestrole\", \"type\": \"mediumtext\", \"nullable\": true}, {\"name\": \"education\", \"type\": \"mediumtext\", \"nullable\": true}, {\"name\": \"Star\", \"type\": \"mediumtext\", \"nullable\": true}, {\"name\": \"experience\", \"type\": \"mediumtext\", \"nullable\": true}, {\"name\": \"skills\", \"type\": \"mediumtext\", \"nullable\": true}, {\"name\": \"LatestStatus\", \"type\": \"mediumtext\", \"nullable\": true}, {\"name\": \"email\", \"type\": \"mediumtext\", \"nullable\": true}, {\"name\": \"J_GUID\", \"type\": \"mediumtext\", \"nullable\": true}]','2026-05-12 19:49:07'),(36,51,'[{\"name\": \"job_id\", \"type\": \"int\", \"nullable\": true}, {\"name\": \"JD\", \"type\": \"mediumtext\", \"nullable\": true}, {\"name\": \"HiringManagerId\", \"type\": \"varchar\", \"nullable\": true}, {\"name\": \"first_name\", \"type\": \"mediumtext\", \"nullable\": true}, {\"name\": \"middle_name\", \"type\": \"mediumtext\", \"nullable\": true}, {\"name\": \"last_name\", \"type\": \"mediumtext\", \"nullable\": true}, {\"name\": \"latestrole\", \"type\": \"mediumtext\", \"nullable\": true}, {\"name\": \"education\", \"type\": \"mediumtext\", \"nullable\": true}, {\"name\": \"Star\", \"type\": \"mediumtext\", \"nullable\": true}, {\"name\": \"experience\", \"type\": \"mediumtext\", \"nullable\": true}, {\"name\": \"skills\", \"type\": \"mediumtext\", \"nullable\": true}, {\"name\": \"LatestStatus\", \"type\": \"mediumtext\", \"nullable\": true}, {\"name\": \"email\", \"type\": \"mediumtext\", \"nullable\": true}, {\"name\": \"J_GUID\", \"type\": \"mediumtext\", \"nullable\": true}]','2026-05-12 19:49:19'),(37,52,'[{\"name\": \"job_id\", \"type\": \"int\", \"nullable\": false}, {\"name\": \"JD\", \"type\": \"text\", \"nullable\": true}, {\"name\": \"HiringManagerId\", \"type\": \"varchar\", \"nullable\": true}]','2026-05-12 19:49:24'),(38,53,'[{\"name\": \"job_id\", \"type\": \"int\", \"nullable\": true}, {\"name\": \"JD\", \"type\": \"text\", \"nullable\": true}, {\"name\": \"HiringManagerId\", \"type\": \"varchar\", \"nullable\": true}]','2026-05-12 19:49:28'),(39,54,'[{\"name\": \"Id\", \"type\": \"varchar\", \"nullable\": false}, {\"name\": \"HiringManagerId\", \"type\": \"varchar\", \"nullable\": true}]','2026-05-12 19:49:33');
/*!40000 ALTER TABLE `schema_history` ENABLE KEYS */;
UNLOCK TABLES;

--
-- Table structure for table `users`
--

DROP TABLE IF EXISTS `users`;
/*!40101 SET @saved_cs_client     = @@character_set_client */;
/*!50503 SET character_set_client = utf8mb4 */;
CREATE TABLE `users` (
  `id` int NOT NULL AUTO_INCREMENT,
  `username` varchar(80) COLLATE utf8mb4_unicode_ci NOT NULL,
  `email` varchar(150) COLLATE utf8mb4_unicode_ci NOT NULL,
  `password_hash` varchar(255) COLLATE utf8mb4_unicode_ci NOT NULL,
  `role` enum('admin','steward','viewer') COLLATE utf8mb4_unicode_ci NOT NULL DEFAULT 'viewer',
  `is_active` tinyint(1) NOT NULL DEFAULT '1',
  `created_at` datetime NOT NULL DEFAULT CURRENT_TIMESTAMP,
  `updated_at` datetime NOT NULL DEFAULT CURRENT_TIMESTAMP ON UPDATE CURRENT_TIMESTAMP,
  PRIMARY KEY (`id`),
  UNIQUE KEY `username` (`username`),
  UNIQUE KEY `email` (`email`)
) ENGINE=InnoDB AUTO_INCREMENT=2 DEFAULT CHARSET=utf8mb4 COLLATE=utf8mb4_unicode_ci;
/*!40101 SET character_set_client = @saved_cs_client */;

--
-- Dumping data for table `users`
--

LOCK TABLES `users` WRITE;
/*!40000 ALTER TABLE `users` DISABLE KEYS */;
INSERT INTO `users` VALUES (1,'admin','excitingtorvalds5@typingsquirrel.com','$2b$12$6a3dWLyCi8Wf4yxElP5HJOw4L7pJOOGNXnlMPbRSzVmnNyUu593gK','admin',1,'2026-05-12 12:47:02','2026-05-12 19:28:03');
/*!40000 ALTER TABLE `users` ENABLE KEYS */;
UNLOCK TABLES;

--
-- Dumping routines for database 'dq_sentinel_v1'
--
/*!40103 SET TIME_ZONE=@OLD_TIME_ZONE */;

/*!40101 SET SQL_MODE=@OLD_SQL_MODE */;
/*!40014 SET FOREIGN_KEY_CHECKS=@OLD_FOREIGN_KEY_CHECKS */;
/*!40014 SET UNIQUE_CHECKS=@OLD_UNIQUE_CHECKS */;
/*!40101 SET CHARACTER_SET_CLIENT=@OLD_CHARACTER_SET_CLIENT */;
/*!40101 SET CHARACTER_SET_RESULTS=@OLD_CHARACTER_SET_RESULTS */;
/*!40101 SET COLLATION_CONNECTION=@OLD_COLLATION_CONNECTION */;
/*!40111 SET SQL_NOTES=@OLD_SQL_NOTES */;

-- Dump completed on 2026-05-12 20:38:28
